,girl,age,education_head,sheep,duration_village,farmer,number_ppl_hh,f07_test_observed,treatment,clustercode,formal_school,distance_nearest_school,testscores
1,1,7,6,0,35,0,6,1,1,5,1,4.0972052,0.185185192
2,1,9,6,0,35,0,6,1,1,5,1,4.0972052,0.592592603
3,1,11,0,10,35,0,3,1,1,5,1,4.169591,0.777777812
4,0,8,0,20,15,1,10,1,1,5,1,4.1835222,0.740740757
5,1,8,0,20,15,1,10,1,1,5,1,4.1835222,0.481481492
6,1,7,0,20,15,1,10,1,1,5,1,4.1835222,0.37037038
7,0,8,5,20,50,1,9,1,1,5,1,4.0909238,0.777777812
8,0,7,5,20,50,1,9,1,1,5,1,4.0909238,0.740740757
9,1,6,5,20,50,1,9,1,1,5,1,4.0909238,0.296296303
10,1,8,2,0,20,0,7,1,1,5,1,4.2038269,0.851851865
11,1,7,2,0,20,0,7,1,1,5,1,4.2038269,0.740740757
12,0,10,2,0,20,0,7,1,1,5,1,4.2038269,0.962962973
13,1,8,0,30,50,1,7,1,1,5,1,4.1223254,0.481481492
14,0,6,0,30,50,1,7,1,1,5,1,4.1223254,0.222222222
15,1,8,0,5,20,1,7,1,1,5,1,4.2605782,0.777777812
16,0,7,0,5,20,1,7,1,1,5,1,4.2605782,0.555555573
17,1,10,10,8,4,0,9,1,1,5,1,4.1287899,0.777777812
18,0,10,10,8,4,0,9,1,1,5,1,4.1287899,1
19,0,11,10,8,4,0,9,1,1,5,1,4.1287899,1
20,0,8,10,8,4,0,9,1,1,5,1,4.1287899,0.851851865
21,0,7,4,26,11,1,12,1,1,5,1,4.1534429,0.777777812
22,1,8,5,20,1,0,7,1,1,5,1,4.2248521,0.111111111
23,0,7,0,10,20,1,9,1,1,5,1,4.1377563,0.962962973
24,1,7,0,20,45,1,5,1,1,5,1,4.2133126,0.14814816
25,0,6,0,0,1,1,5,1,1,5,1,4.2353115,0.37037038
26,1,8,0,0,15,1,7,1,1,5,1,2.1375613,0.407407416
27,0,9,0,0,15,1,7,1,1,5,1,2.1375613,0.703703703
28,0,7,3,10,20,0,7,1,1,5,1,1.4697633,0
29,1,9,3,10,20,0,7,1,1,5,1,1.4697633,0.555555573
30,1,10,5,10,40,0,9,1,1,5,1,1.4573156,0.88888892
31,1,11,5,10,40,0,9,1,1,5,1,1.4573156,0.592592603
32,0,7,5,10,40,0,9,1,1,5,1,1.4573156,0.925925974
33,0,6,5,10,40,0,9,1,1,5,1,1.4573156,0.111111111
34,0,10,2,10,50,1,5,1,1,5,1,2.1695487,0.629629652
35,1,10,2,7,25,1,8,1,1,5,1,1.5015851,0.259259271
36,0,11,2,7,25,1,8,1,1,5,1,1.5015851,0.740740757
37,0,7,2,7,25,1,8,1,1,5,1,1.5015851,0.14814816
38,1,7,0,15,40,0,5,1,1,5,1,1.4930503,0.333333343
39,1,9,0,15,40,0,5,1,1,5,1,1.4930503,0.925925974
40,1,8,10,0,30,0,8,1,1,5,1,2.128876,0.703703703
41,0,11,1,4,40,1,6,1,1,5,1,1.5293709,0.777777812
42,1,10,1,4,40,1,6,1,1,5,1,1.5293709,0.518518524
43,0,6,0,15,40,1,6,1,1,5,1,2.1693106,0.481481492
44,1,7,0,15,40,1,6,1,1,5,1,2.1693106,0.111111111
45,0,8,2,5,25,1,4,1,1,5,1,1.4930503,0.777777812
46,1,9,5,10,30,1,8,1,1,5,1,1.4930503,0.777777812
47,0,7,5,10,30,1,8,1,1,5,1,1.4930503,0.444444452
48,1,8,5,10,30,1,8,1,1,5,1,1.4930503,1
49,0,7,3,5,30,1,6,1,1,5,1,2.1649833,0.444444452
50,0,8,0,3,16,1,7,1,1,5,1,2.1928368,0.407407416
51,0,11,0,3,16,1,7,1,1,5,1,2.1928368,0.88888892
52,0,10,0,3,16,1,7,1,1,5,1,2.1928368,0.185185192
53,0,8,0,5,30,0,11,1,1,5,1,1.4921961,0.296296303
54,0,7,0,5,30,0,11,1,1,5,0,1.4921961,0
55,1,9,0,5,30,0,11,1,1,5,1,1.4921961,0.777777812
56,0,6,7,3,30,0,6,1,1,5,1,2.1278355,0.444444452
57,0,11,0,3,20,1,9,1,1,5,1,1.8040538,0.740740757
58,1,7,0,5,30,1,4,1,1,5,1,2.1832206,0.185185192
59,1,8,0,4,15,0,9,1,1,5,1,1.5064195,0
60,0,6,0,4,15,0,9,1,1,5,1,1.5064195,0
61,0,10,0,4,15,0,9,1,1,5,1,1.5064195,0.740740757
62,0,6,1,4,40,1,8,1,1,5,1,1.5044353,0.111111111
63,1,9,1,4,40,1,8,1,1,5,1,1.5044353,0.740740757
64,1,9,5,15,36,1,12,1,1,5,1,2.2614779,0.740740757
65,0,6,5,15,36,1,12,1,1,5,1,2.2614779,0.296296303
66,0,11,10,10,40,1,10,1,1,5,1,2.3234522,0.666666676
67,0,7,10,10,40,1,10,1,1,5,1,2.3234522,0.925925974
68,0,6,10,10,40,1,10,1,1,5,0,2.3234522,0
69,0,11,2,5,20,0,6,1,1,5,1,2.3247969,1
70,0,7,2,5,20,0,6,1,1,5,1,2.3247969,0.444444452
71,1,9,2,4,50,1,10,1,1,5,1,2.3467398,0.851851865
72,0,6,2,4,50,1,10,1,1,5,1,2.3467398,0.444444452
73,1,11,2,4,50,1,10,1,1,5,1,2.3467398,0.777777812
74,1,9,6,20,30,1,14,1,1,5,1,2.2700946,0.851851865
75,1,7,6,20,30,1,14,0,1,5,1,2.2700946,NA
76,0,6,6,20,30,1,14,0,1,5,1,2.2700946,NA
77,0,10,0,10,18,1,2,1,1,5,1,2.3582363,0.259259271
78,0,7,4,15,33,1,9,1,1,5,1,2.0828402,0.777777812
79,1,11,4,15,33,1,9,1,1,5,1,2.0828402,0.703703703
80,0,7,3,10,53,1,10,1,1,5,0,2.4516768,0.629629652
81,1,6,3,10,53,1,10,1,1,5,0,2.4516768,0.111111111
82,0,8,0,0,35,0,7,1,1,5,1,2.3348527,0.777777812
83,1,7,0,0,35,0,7,1,1,5,0,2.3348527,0.111111111
84,1,11,0,0,40,1,6,1,1,5,1,2.3348527,0.666666676
85,1,6,0,0,40,1,6,1,1,5,0,2.3348527,0.111111111
86,0,7,2,15,45,1,13,1,1,5,1,2.0597432,0.518518524
87,0,7,0,0,35,1,6,1,1,5,0,2.0608249,0
88,0,10,0,0,35,1,6,1,1,5,1,2.0608249,0.111111111
89,1,8,0,0,45,0,9,1,1,5,0,2.2888722,0.111111111
90,0,8,7,10,36,0,10,1,1,5,1,2.3151712,0.703703703
91,1,7,7,10,36,0,10,1,1,5,0,2.3151712,0.259259271
92,0,6,7,10,36,0,10,1,1,5,1,2.3151712,0.111111111
93,0,6,0,10,40,1,13,1,1,5,1,2.2796233,0.074074054
94,0,11,0,10,40,1,13,1,1,5,0,2.2796233,0.518518524
95,0,8,0,10,40,1,13,1,1,5,1,2.2796233,0.222222222
96,1,10,6,14,35,1,10,1,1,5,1,2.3151712,0.703703703
97,0,7,6,14,35,1,10,1,1,5,1,2.3151712,0.518518524
98,1,7,6,14,35,1,10,1,1,5,1,2.3151712,0.14814816
99,1,6,6,14,35,1,10,1,1,5,0,2.3151712,0.111111111
100,1,6,0,7,40,1,9,1,1,5,1,2.3348527,0.629629652
101,0,11,0,7,40,1,9,1,1,5,1,2.3348527,0.703703703
102,1,8,12,12,40,0,10,1,1,5,0,2.2890284,1
103,1,6,12,12,40,0,10,1,1,5,1,2.2890284,0.555555573
104,0,9,2,6,43,1,8,1,1,5,1,2.2351704,0.555555573
105,0,7,1,20,40,1,10,1,1,5,1,2.9679925,1
106,1,6,1,10,30,0,9,0,1,5,0,2.3041434,NA
107,0,11,1,10,30,0,9,0,1,5,1,2.3041434,NA
108,1,9,2,0,12,0,6,1,1,5,1,2.2438173,0.777777812
109,1,8,0,0,15,1,7,1,1,5,0,2.7431755,0.629629652
110,1,8,7,10,28,0,14,1,1,5,1,2.2098067,0.555555573
111,0,9,7,10,28,0,14,1,1,5,1,2.2098067,1
112,0,7,7,10,28,0,14,1,1,5,1,2.2098067,0.777777812
113,1,8,0,15,30,1,7,1,1,4,1,4.0451727,0.851851865
114,0,10,0,15,30,1,7,1,1,4,0,4.0451727,0.740740757
115,0,11,0,15,30,1,7,1,1,4,1,4.0451727,0.88888892
116,1,6,0,5,30,1,8,1,1,4,0,4.0899453,0.222222222
117,0,8,0,5,30,1,8,1,1,4,1,4.0899453,0.481481492
118,1,8,1,5,30,1,11,1,1,4,0,3.6148267,0.37037038
119,1,10,1,5,30,1,11,1,1,4,1,3.6148267,0.777777812
120,1,9,3,0,22,0,7,1,1,4,1,4.124331,0.333333343
121,1,7,3,0,22,0,7,1,1,4,1,4.124331,0.037037054
122,1,8,0,0,14,1,9,1,1,4,1,4.0726647,0.666666676
123,1,10,2,6,20,1,6,1,1,4,1,3.6218712,0.481481492
124,0,10,2,6,10,1,7,0,1,4,0,4.0947571,NA
125,0,7,2,6,10,1,7,1,1,4,0,4.0947571,0.074074054
126,0,8,0,5,40,1,8,1,1,4,1,4.0992446,0.481481492
127,0,11,0,5,40,1,8,1,1,4,1,4.0992446,0.703703703
128,1,6,0,20,30,0,8,1,1,4,1,4.105804,0.444444452
129,1,10,0,20,30,0,8,1,1,4,1,4.105804,0.703703703
130,0,7,0,0,40,1,5,1,1,4,1,4.0763035,0.666666676
131,0,10,2,10,10,1,7,1,1,4,1,4.0007005,0.925925974
132,0,7,2,10,10,1,7,1,1,4,0,4.0007005,0.111111111
133,0,7,2,25,30,1,4,1,1,4,0,4.2879062,0.333333343
134,0,11,14,20,20,0,14,1,1,4,1,4.0681572,0.962962973
135,0,10,14,20,20,0,14,1,1,4,0,4.0681572,0.814814838
136,0,7,14,20,20,0,14,1,1,4,0,4.0681572,0.111111111
137,1,8,14,20,20,0,14,1,1,4,1,4.0681572,0.37037038
138,1,10,14,20,20,0,14,1,1,4,1,4.0681572,0.481481492
139,0,10,0,2,12,0,8,1,1,4,1,4.1288066,0.925925974
140,0,8,0,2,12,0,8,1,1,4,1,4.1288066,0.88888892
141,1,7,0,2,12,0,8,1,1,4,1,4.1288066,0.444444452
142,0,7,6,6,10,1,5,0,1,4,0,4.2046304,NA
143,0,10,0,0,30,0,9,1,1,4,1,4.2109551,0.666666676
144,1,11,0,0,30,0,9,1,1,4,1,4.2109551,0.629629652
145,0,8,0,3,25,1,6,1,1,4,1,4.088068,0.37037038
146,1,6,0,0,30,1,10,1,1,4,1,4.0851188,0.37037038
147,1,7,0,0,30,1,10,1,1,4,1,4.0851188,0.481481492
148,0,11,0,10,20,1,11,1,1,4,1,4.1386743,0.740740757
149,1,9,0,10,20,1,11,1,1,4,1,4.1386743,0.444444452
150,1,7,3,10,50,1,12,1,1,4,1,4.0879726,0.481481492
151,0,8,3,10,50,1,12,1,1,4,1,4.0879726,0.444444452
152,0,6,3,10,50,1,12,1,1,4,1,4.0879726,0.14814816
153,0,11,0,7,16,1,3,1,1,4,1,4.0855317,0.740740757
154,0,8,0,0,15,1,7,1,1,4,0,4.1245742,0.111111111
155,0,9,3,20,30,1,10,1,1,4,1,4.0613303,0.629629652
156,0,11,3,20,30,1,10,1,1,4,1,4.0613303,1
157,0,6,3,20,30,1,10,1,1,4,1,4.0613303,0.407407416
158,1,8,7,10,2,0,4,1,1,4,1,4.0587316,1
159,0,7,2,20,8,1,7,1,1,4,1,4.0458279,0.407407416
160,0,9,2,20,8,1,7,1,1,4,1,4.0458279,0.962962973
161,0,6,2,20,8,1,7,1,1,4,0,4.0458279,0.185185192
162,1,11,2,20,8,1,7,1,1,4,1,4.0458279,0.703703703
163,1,6,2,5,30,1,11,1,1,4,0,4.070436,0.222222222
164,1,8,2,5,30,1,11,1,1,4,1,4.070436,0.666666676
165,0,10,2,0,45,1,4,1,1,4,1,4.1080837,0.777777812
166,0,10,0,0,50,1,4,1,1,4,1,4.1026545,0.740740757
167,0,8,0,5,30,1,12,1,1,4,1,4.0657663,0.333333343
168,1,7,0,5,30,1,12,1,1,4,0,4.0657663,0.37037038
169,1,8,2,0,35,1,6,1,1,4,1,4.1512947,0.296296303
170,0,7,0,6,30,1,5,1,1,4,0,4.2622509,0.259259271
171,1,6,7,10,38,1,9,1,1,4,1,4.0650859,0.333333343
172,0,7,7,10,38,1,9,1,1,4,1,4.0650859,0.703703703
173,0,7,3,30,50,0,11,1,1,4,0,4.1572957,0.111111111
174,0,11,3,30,50,0,11,1,1,4,1,4.1572957,0.740740757
175,1,9,3,30,50,0,11,1,1,4,1,4.1572957,0.518518524
176,1,8,3,13,15,1,9,1,1,4,1,3.9663227,0.37037038
177,0,6,3,10,40,1,8,1,1,4,1,3.9758646,0.37037038
178,1,10,3,10,40,1,8,1,1,4,1,3.9758646,0.407407416
179,0,7,0,4,40,1,8,0,1,4,0,4.1906209,NA
180,1,10,0,4,40,1,8,1,1,4,1,4.1906209,0.296296303
181,0,7,0,2,25,1,7,1,1,6,1,2.7085311,0.444444452
182,1,8,0,2,25,1,7,1,1,6,1,2.7085311,0.740740757
183,1,7,10,40,30,1,7,1,1,6,1,2.7299428,0.518518524
184,1,10,4,10,20,0,19,1,1,6,1,2.7622252,0.777777812
185,1,7,4,10,20,0,19,1,1,6,1,2.7622252,0.629629652
186,1,6,4,10,20,0,19,1,1,6,1,2.7622252,0.111111111
187,1,7,0,10,57,1,5,1,1,6,1,2.1003847,0.481481492
188,1,6,0,10,4,1,8,1,1,6,1,2.6806831,0.481481492
189,1,7,0,10,4,1,8,1,1,6,1,2.6806831,0.703703703
190,1,7,12,4,12,0,9,1,1,6,1,2.614305,0.37037038
191,0,10,12,4,12,0,9,0,1,6,1,2.614305,NA
192,1,11,12,4,12,0,9,1,1,6,1,2.614305,0.962962973
193,1,11,10,12,12,1,7,1,1,6,1,2.614305,0.962962973
194,1,10,10,12,12,1,7,1,1,6,1,2.614305,0.777777812
195,0,6,10,12,12,1,7,1,1,6,0,2.614305,0.074074054
196,1,11,3,5,20,1,5,1,1,6,1,2.700202,1
197,1,7,2,0,30,1,8,1,1,6,1,2.7048407,0.740740757
198,0,7,2,0,30,1,8,1,1,6,1,2.7048407,0.777777812
199,0,7,10,10,50,1,10,1,1,6,1,2.7369266,0.555555573
200,0,9,10,10,50,1,10,1,1,6,1,2.7369266,0.740740757
201,1,8,10,10,50,1,10,1,1,6,1,2.7369266,0.814814838
202,0,8,4,10,30,1,9,0,1,6,1,2.6728034,NA
203,0,6,4,10,30,1,9,1,1,6,1,2.6728034,0.666666676
204,0,10,4,10,30,1,9,1,1,6,1,2.6728034,0.555555573
205,1,11,1,6,30,1,5,1,1,6,0,2.6662502,0.740740757
206,1,11,1,6,30,1,5,1,1,6,1,2.6662502,0.666666676
207,1,8,0,7,12,1,6,1,1,6,1,2.6468723,0.740740757
208,0,11,2,0,57,1,12,1,1,6,0,2.1267757,0.703703703
209,1,9,2,0,57,1,12,1,1,6,1,2.1267757,0.740740757
210,1,7,2,0,57,1,12,1,1,6,1,2.1267757,0.37037038
211,0,8,0,20,30,1,9,0,1,6,1,2.8673525,NA
212,0,6,0,20,30,1,9,1,1,6,1,2.8673525,0.777777812
213,0,11,0,20,30,1,9,0,1,6,1,2.8673525,NA
214,1,8,3,8,40,1,9,1,1,6,1,2.7432957,0.777777812
215,0,6,3,8,40,1,9,1,1,6,1,2.7432957,0.629629652
216,0,10,4,20,25,1,6,1,1,6,1,2.852668,0.88888892
217,1,8,4,20,25,1,6,0,1,6,1,2.852668,NA
218,1,9,1,0,45,1,9,1,1,6,1,2.9038203,0.740740757
219,0,7,1,0,45,1,9,1,1,6,1,2.9038203,0.740740757
220,0,7,4,0,36,0,4,1,1,6,1,2.9064813,0.777777812
221,1,8,6,10,40,0,8,1,1,6,1,2.7125514,0.518518524
222,1,6,6,10,40,0,8,1,1,6,0,2.7125514,0.111111111
223,1,10,5,15,30,1,7,1,1,6,1,2.7138062,0.777777812
224,0,6,5,15,30,1,7,1,1,6,0,2.7138062,0.185185192
225,0,8,5,15,30,1,7,1,1,6,1,2.7138062,1
226,0,7,2,10,60,1,14,1,1,6,1,2.9038203,0.703703703
227,1,6,2,10,60,1,14,1,1,6,1,2.9038203,0.666666676
228,0,8,1,0,45,1,8,1,1,6,0,2.8867316,0.518518524
229,1,10,1,0,45,1,8,1,1,6,0,2.8867316,0.629629652
230,0,6,0,0,40,1,6,1,1,6,0,2.7848089,0.111111111
231,0,7,0,0,40,1,6,1,1,6,1,2.7848089,0.518518524
232,0,9,2,20,70,1,10,1,1,6,1,2.7755978,0.777777812
233,0,11,2,20,70,1,10,1,1,6,1,2.7755978,1
234,0,7,2,20,70,1,10,0,1,6,1,2.7755978,NA
235,1,8,4,5,2,1,11,1,1,6,1,2.7823136,0.777777812
236,0,9,2,0,40,1,9,0,1,6,1,2.8395565,NA
237,0,6,2,0,40,1,9,1,1,6,0,2.8395565,0
238,1,9,6,20,60,1,9,1,1,6,1,2.8962226,0.925925974
239,1,7,6,20,60,1,9,1,1,6,1,2.8962226,0.518518524
240,0,8,9,20,60,0,15,1,1,6,1,2.9049377,0.962962973
241,0,9,0,10,60,1,9,1,1,6,1,2.7278533,0.703703703
242,1,9,6,10,50,1,10,1,1,6,1,2.9312642,0.703703703
243,0,7,6,10,50,1,10,1,1,6,1,2.9312642,0.296296303
244,0,9,3,10,35,1,11,1,1,6,0,2.7547524,0.555555573
245,0,8,3,10,35,1,11,1,1,6,1,2.7547524,1
246,1,11,3,10,35,1,11,1,1,6,1,2.7547524,1
247,0,10,5,0,36,1,7,0,1,6,1,2.8951931,NA
248,0,7,0,25,40,1,6,1,1,6,1,2.7673604,0.518518524
249,1,10,0,25,40,1,6,1,1,6,1,2.7673604,1
250,0,10,5,12,45,1,9,0,1,6,1,2.7593987,NA
251,0,7,5,12,45,1,9,0,1,6,1,2.7593987,NA
252,1,7,6,15,31,1,8,1,1,6,1,2.8937812,0.592592603
253,0,8,6,15,31,1,8,1,1,6,1,2.8937812,1
254,0,7,4,0,45,1,6,1,1,6,1,2.8270178,0.962962973
255,0,9,4,0,45,1,6,0,1,6,1,2.8270178,NA
256,0,8,0,0,30,0,4,1,1,6,1,2.8653624,0.777777812
257,1,6,6,10,30,0,8,1,1,6,1,2.9201622,0.555555573
258,1,6,5,30,50,0,11,1,1,6,1,2.9153316,0.444444452
259,1,8,5,30,50,0,11,1,1,6,1,2.9153316,0.962962973
260,0,9,15,0,30,0,9,1,1,6,1,2.7684777,0.88888892
261,0,6,15,0,30,0,9,1,1,6,1,2.7684777,0.703703703
262,1,9,4,30,30,1,7,1,1,6,1,2.869293,0.666666676
263,1,7,4,30,30,1,7,1,1,6,0,2.869293,0.074074054
264,0,8,4,0,20,0,6,1,1,6,1,3.6533334,1
265,0,7,5,25,30,0,10,1,1,6,1,2.9247088,0.37037038
266,1,7,2,5,30,0,12,1,1,6,1,2.9493463,0.185185192
267,0,9,2,5,30,0,12,1,1,6,1,2.9493463,0.481481492
268,0,9,0,20,12,1,9,1,1,6,0,3.6342759,0.14814816
269,0,6,0,20,12,1,9,1,1,6,1,3.6342759,0.111111111
270,1,7,0,20,12,1,9,1,1,6,1,3.6342759,0.296296303
271,0,9,12,20,20,0,16,1,1,6,1,2.9978082,1
272,0,7,12,20,20,0,16,1,1,6,1,2.9978082,0.740740757
273,0,7,12,20,20,0,16,1,1,6,1,2.9978082,0.666666676
274,1,8,0,0,15,0,7,1,1,6,0,2.9873111,0.444444452
275,0,7,3,20,12,1,12,1,1,6,1,3.0493894,0.703703703
276,0,7,10,5,30,1,8,1,1,6,1,2.9125879,0.88888892
277,1,9,10,5,30,1,8,1,1,6,1,2.9125879,0.925925974
278,0,11,10,5,30,1,8,1,1,6,1,2.9125879,1
279,0,7,3,3,30,0,7,1,1,6,1,2.9522383,0.703703703
280,0,11,3,3,30,0,7,1,1,6,1,2.9522383,1
281,1,8,2,5,35,1,8,1,1,6,1,2.97823,0.740740757
282,0,6,2,5,35,1,8,0,1,6,1,2.97823,NA
283,0,11,3,5,30,1,7,1,1,6,1,3.5528502,0.555555573
284,1,8,3,5,30,1,7,1,1,6,1,3.5528502,0.259259271
285,1,7,2,5,30,1,13,1,1,6,1,3.6655591,0.555555573
286,1,7,2,5,30,1,13,1,1,6,1,3.6655591,0.518518524
287,0,7,8,9,18,0,15,1,1,6,1,2.8667014,0.481481492
288,1,7,2,10,40,1,8,1,1,6,1,2.9313402,0.777777812
289,0,9,2,10,40,1,8,1,1,6,1,2.9313402,0.518518524
290,1,6,0,10,15,1,6,1,1,6,1,3.5879107,0.222222222
291,1,11,0,0,13,1,4,1,1,6,0,3.5711706,0.296296303
292,0,8,5,5,21,1,10,1,1,6,1,3.6425183,1
293,0,8,4,3,12,1,7,1,1,6,1,2.8488622,0.666666676
294,1,6,4,3,12,1,7,1,1,6,1,2.8488622,0.111111111
295,0,6,4,0,30,1,6,1,1,6,1,2.9252887,0.407407416
296,0,9,1,3,35,1,10,0,1,6,1,2.8329253,NA
297,1,6,2,0,14,0,3,0,1,6,1,2.8488622,NA
298,0,10,2,0,14,0,3,1,1,6,1,2.8488622,0.962962973
299,0,10,0,4,30,1,10,1,1,6,1,2.9631691,1
300,0,7,0,4,30,1,10,1,1,6,1,2.9631691,0.851851865
301,0,6,2,0,50,1,6,1,1,6,1,3.0070407,0.333333343
302,0,11,2,0,50,1,6,1,1,6,0,3.0070407,0.740740757
303,1,7,2,0,50,1,6,1,1,6,1,3.0070407,0.296296303
304,1,8,10,0,25,0,6,1,1,6,1,3.6540205,0.629629652
305,1,7,3,10,30,1,9,1,1,6,1,3.6964338,0.37037038
306,0,11,3,10,30,1,9,1,1,6,0,3.6964338,0.703703703
307,0,7,3,50,22,1,10,0,1,6,1,3.6503897,NA
308,0,9,3,50,22,1,10,1,1,6,1,3.6503897,1
309,0,8,5,10,45,1,10,1,1,1,1,2.0936987,1
310,0,7,5,10,45,1,10,1,1,1,0,2.0936987,0.518518524
311,1,9,5,10,45,1,10,1,1,1,0,2.0936987,0.259259271
312,0,7,1,0,14,1,7,1,1,1,1,3.0666454,0.703703703
313,1,11,1,0,14,1,7,1,1,1,1,3.0666454,0.777777812
314,1,10,2,20,30,1,12,1,1,1,1,3.0468547,0.481481492
315,0,7,2,20,30,1,12,1,1,1,1,3.0468547,0.37037038
316,0,11,7,30,15,1,8,0,1,1,1,2.9994557,NA
317,1,8,7,30,15,1,8,1,1,1,1,2.9994557,0.592592603
318,1,8,3,5,40,0,9,1,1,1,1,3.0048385,0.740740757
319,0,7,2,30,40,1,8,1,1,1,1,2.9686334,0.777777812
320,0,6,3,5,40,0,9,1,1,1,1,3.0048385,0.592592603
321,1,10,3,5,40,0,9,1,1,1,1,3.0048385,0.777777812
322,0,9,2,30,40,1,8,1,1,1,0,2.9686334,0.925925974
323,0,7,10,50,12,0,10,1,1,1,1,2.1303313,1
324,1,9,10,50,12,0,10,1,1,1,0,2.1303313,1
325,1,11,5,50,14,0,8,1,1,1,0,2.232887,0.333333343
326,1,10,6,10,14,1,7,1,1,1,1,3.0666454,0.629629652
327,1,7,6,10,14,1,7,1,1,1,1,3.0666454,0.481481492
328,0,10,5,5,20,1,7,1,1,1,1,3.0048385,1
329,0,8,5,5,20,1,7,1,1,1,1,3.0048385,0.777777812
330,0,7,5,5,20,1,7,1,1,1,1,3.0048385,0.333333343
331,1,10,1,10,20,1,8,1,1,1,1,3.0194507,0.740740757
332,0,7,1,10,20,1,8,1,1,1,1,3.0194507,0.740740757
333,1,6,1,10,20,1,8,1,1,1,0,3.0194507,0.444444452
334,1,7,4,15,40,1,10,1,1,1,0,2.0644245,0.074074054
335,0,6,4,15,40,1,10,1,1,1,0,2.0644245,0.037037054
336,1,11,4,15,40,1,10,1,1,1,0,2.0644245,0.14814816
337,0,8,4,15,40,1,10,1,1,1,1,2.0644245,1
338,1,11,8,0,20,0,10,1,1,4,1,3.7252827,0.481481492
339,0,10,8,0,20,0,10,1,1,4,1,3.7252827,0.777777812
340,1,7,3,5,50,1,8,1,1,4,0,3.786777,0.259259271
341,1,9,3,5,50,1,8,1,1,4,1,3.786777,0.740740757
342,0,8,4,10,6,1,9,1,1,4,1,2.9010317,0.703703703
343,0,10,4,10,6,1,9,1,1,4,1,2.9010317,0.333333343
344,0,7,4,10,6,1,9,1,1,4,1,2.9010317,0.14814816
345,1,9,0,0,7,1,9,1,1,4,0,2.7413971,0.111111111
346,0,9,0,0,7,1,9,1,1,4,0,2.7413971,0.296296303
347,1,8,5,7,50,0,7,1,1,4,0,3.8979533,0.222222222
348,1,8,5,7,50,0,7,1,1,4,0,3.8979533,0.296296303
349,0,7,10,2,50,0,15,1,1,4,1,3.7252827,0.555555573
350,0,9,10,2,50,0,15,1,1,4,1,3.7252827,0.777777812
351,1,11,10,2,50,0,15,1,1,4,1,3.7252827,0.777777812
352,1,11,7,0,30,1,20,1,1,4,0,3.786777,0.333333343
353,1,6,7,0,30,1,20,1,1,4,0,3.786777,0.111111111
354,1,6,7,0,30,1,20,1,1,4,0,3.786777,0.074074054
355,1,8,7,0,30,1,20,1,1,4,0,3.786777,0.296296303
356,1,8,7,0,30,1,20,1,1,4,1,3.786777,0.777777812
357,0,9,0,0,12,0,5,1,1,4,1,2.7678804,0.851851865
358,1,11,0,0,12,0,5,1,1,4,1,2.7678804,0.296296303
359,1,7,0,10,6,1,10,1,1,4,1,2.9010317,0.074074054
360,1,9,0,10,6,1,10,1,1,4,1,2.9010317,0.407407416
361,1,8,0,10,6,1,10,1,1,4,1,2.9010317,0.111111111
362,1,6,3,1,15,0,5,1,1,4,0,3.9081106,0
363,0,8,0,6,60,1,13,0,1,4,1,3.8692241,NA
364,1,11,0,6,60,1,13,1,1,4,0,3.8692241,0.333333343
365,0,6,0,6,60,1,13,1,1,4,1,3.8692241,0.407407416
366,1,6,0,6,60,1,13,1,1,4,0,3.8692241,0.111111111
367,0,7,2,3,28,0,5,1,1,4,0,3.8581667,0.111111111
368,0,11,3,0,10,1,10,1,1,4,1,2.6994996,0.703703703
369,0,7,3,0,10,1,10,1,1,4,0,2.6994996,0.629629652
370,1,9,3,0,10,1,10,1,1,4,0,2.6994996,0.444444452
371,1,8,0,0,55,1,5,1,1,4,0,3.9001267,0.111111111
372,1,11,0,0,55,1,5,1,1,4,1,3.9001267,0.37037038
373,0,8,0,3,50,0,5,1,1,4,1,3.911973,0.518518524
374,1,6,2,6,12,0,4,1,1,4,0,3.8942204,0
375,0,9,2,6,12,0,4,1,1,4,0,3.8942204,0.814814838
376,1,7,3,6,60,0,12,1,1,4,1,3.8393803,0.555555573
377,1,6,3,6,60,0,12,1,1,4,1,3.8393803,0.111111111
378,0,9,3,6,60,0,12,1,1,4,1,3.8393803,0
379,1,10,3,6,60,0,12,1,1,4,1,3.8393803,0.259259271
380,0,7,0,0,9,1,7,1,1,4,0,2.5965254,0.185185192
381,0,9,0,0,9,1,7,1,1,4,0,2.5965254,0.703703703
382,0,7,6,0,40,1,6,1,1,4,0,2.5965254,0.407407416
383,1,10,6,0,40,1,6,1,1,4,1,2.5965254,0.777777812
384,0,8,3,0,70,1,8,1,1,4,1,3.9146945,1
385,0,8,3,8,36,1,6,1,1,4,0,3.8928194,0
386,1,10,3,8,36,1,6,1,1,4,1,3.8928194,0.666666676
387,1,9,1,10,6,1,9,1,1,4,0,3.7733819,0.703703703
388,0,9,0,0,55,1,9,1,1,4,1,3.9420679,0.333333343
389,1,7,0,0,55,1,9,1,1,4,0,3.9420679,0
390,0,6,2,6,20,1,5,1,1,4,0,3.8044918,0.037037054
391,0,11,5,10,20,1,7,1,1,4,1,2.7636621,0.851851865
392,1,7,5,10,40,0,14,1,1,4,0,3.926517,0.111111111
393,0,8,5,10,40,0,14,1,1,4,1,3.926517,0.777777812
394,1,7,1,2,40,1,7,1,1,4,0,3.8276706,0.14814816
395,1,10,1,2,40,1,7,1,1,4,0,3.8276706,0.37037038
396,1,9,3,0,30,1,5,1,1,4,1,3.855994,0.259259271
397,1,6,5,10,50,1,8,1,1,4,0,3.8054838,0.185185192
398,1,8,5,10,50,1,8,1,1,4,0,3.8054838,0.37037038
399,0,7,1,5,50,1,9,1,1,4,1,4.3727021,0.333333343
400,1,11,1,5,50,1,9,1,1,4,1,4.3727021,0.740740757
401,0,8,1,5,50,1,9,1,1,4,1,4.3727021,0.777777812
402,1,7,7,5,2,0,15,1,1,4,0,2.7422395,0.481481492
403,0,11,7,5,2,0,15,1,1,4,1,2.7422395,1
404,1,11,5,20,2,1,8,1,1,4,1,2.7317934,0.666666676
405,1,9,5,20,2,1,8,1,1,4,1,2.7317934,0.629629652
406,1,7,2,0,20,1,5,1,1,4,1,2.7396615,0.407407416
407,1,11,4,20,7,1,6,1,1,4,1,2.6509726,0.777777812
408,1,7,4,20,7,1,6,1,1,4,1,2.6509726,0.111111111
409,0,11,0,5,30,1,6,1,1,4,1,3.9277954,0.777777812
410,0,6,0,5,30,1,6,1,1,4,1,3.9277954,0.111111111
411,0,6,2,0,25,0,8,1,1,4,0,3.8950124,0.111111111
412,1,9,5,2,35,1,10,1,1,4,1,3.8586924,0.629629652
413,0,7,5,2,35,1,10,1,1,4,0,3.8586924,0.518518524
414,0,8,5,2,35,1,10,1,1,4,0,3.8586924,0.666666676
415,0,8,0,0,6,1,7,1,1,4,1,2.6252489,0.740740757
416,0,8,1,7,15,1,9,1,1,4,1,2.7388728,0.333333343
417,1,8,0,5,20,1,10,1,1,4,1,2.6709595,0.740740757
418,1,6,0,5,20,1,10,1,1,4,1,2.6709595,0.111111111
419,0,7,0,5,20,1,10,1,1,4,1,2.6709595,0.074074054
420,1,7,5,0,5,0,10,1,1,4,1,2.6755681,0.407407416
421,0,7,2,6,30,1,5,1,1,4,1,3.8044918,0.222222222
422,0,10,6,0,42,1,15,1,1,4,1,3.9122329,0.481481492
423,1,7,6,0,42,1,15,1,1,4,1,3.9122329,0.666666676
424,1,9,6,0,42,1,15,1,1,4,1,3.9122329,0.703703703
425,0,7,4,4,35,1,6,1,1,4,1,3.9544013,0.333333343
426,0,9,4,4,35,1,6,1,1,4,1,3.9544013,0.666666676
427,0,11,2,0,6,1,8,1,1,4,1,3.7729084,0.925925974
428,0,7,0,0,20,0,5,1,0,2,1,2.6838124,0.222222222
429,1,7,0,12,20,1,9,1,0,2,0,2.7428241,0.185185192
430,1,10,0,12,20,1,9,1,0,2,0,2.7428241,0.14814816
431,0,6,12,0,20,0,7,1,0,2,0,2.738133,0
432,0,7,12,0,20,0,7,1,0,2,0,2.738133,0.37037038
433,1,11,12,0,20,0,7,1,0,2,0,2.738133,0.407407416
434,1,7,5,2,7,0,8,1,0,2,0,2.6852124,0.14814816
435,0,9,5,2,7,0,8,1,0,2,0,2.6852124,0.88888892
436,1,8,2,5,30,1,9,1,0,2,0,2.7194836,0.259259271
437,0,11,2,5,30,1,9,1,0,2,1,2.7194836,0.814814838
438,1,7,2,5,30,1,9,1,0,2,0,2.7194836,0.111111111
439,0,10,2,5,30,1,9,1,0,2,0,2.7194836,0.296296303
440,1,6,4,20,50,1,9,1,0,2,0,2.6956668,0.222222222
441,0,7,4,20,50,1,9,1,0,2,0,2.6956668,0.518518524
442,1,7,1,0,25,1,5,1,0,2,0,2.588321,0.37037038
443,1,10,5,10,17,1,7,1,0,2,0,2.7697937,0.444444452
444,0,8,5,10,17,1,7,1,0,2,1,2.7697937,0.629629652
445,1,7,0,10,14,0,8,1,0,2,0,2.8338435,0.259259271
446,1,8,3,4,50,1,3,1,0,2,0,2.6472144,0.259259271
447,1,7,4,7,30,1,6,1,0,2,0,2.5685372,0.111111111
448,0,10,4,7,30,1,6,1,0,2,1,2.5685372,1
449,1,11,5,20,70,1,9,1,0,2,0,2.7511578,0.333333343
450,1,10,5,20,70,1,9,1,0,2,0,2.7511578,0.111111111
451,0,10,5,5,14,1,6,1,0,2,1,2.6741238,0.740740757
452,0,10,5,7,15,1,5,1,0,2,0,2.764219,0.703703703
453,0,7,1,0,12,1,5,1,0,2,1,2.6688442,0.481481492
454,1,10,2,7,60,1,6,1,0,2,0,2.6309879,0.333333343
455,0,10,4,0,40,0,9,1,0,2,0,2.7271173,0.333333343
456,0,11,4,0,40,0,9,1,0,2,0,2.7271173,0.703703703
457,0,7,4,0,40,0,9,1,0,2,0,2.7271173,0.111111111
458,0,6,4,0,40,0,9,1,0,2,0,2.7271173,0.074074054
459,1,9,4,0,40,0,9,1,0,2,0,2.7271173,0.222222222
460,0,11,0,10,10,1,7,1,0,3,1,2.5497825,0.555555573
461,1,11,5,0,60,0,10,1,0,3,0,1.5497757,0.111111111
462,1,7,0,0,20,1,10,1,0,3,0,1.5581777,0.111111111
463,0,7,0,0,20,1,15,1,0,3,0,1.5635126,0.111111111
464,0,7,2,0,10,1,8,0,0,3,0,2.5306847,NA
465,1,9,2,0,10,1,8,1,0,3,0,2.5306847,0
466,0,9,0,5,30,1,5,0,0,3,1,3.8629754,NA
467,1,6,0,5,30,1,5,1,0,3,0,3.8629754,0.222222222
468,0,8,0,5,30,1,5,1,0,3,0,3.8629754,0.222222222
469,1,10,0,5,30,1,5,1,0,3,0,3.8629754,0.37037038
470,0,9,10,10,20,1,9,1,0,3,0,3.953989,1
471,0,7,10,10,20,1,9,1,0,3,0,3.953989,0.592592603
472,1,7,10,0,20,1,5,1,0,3,0,3.9616592,0.333333343
473,0,8,0,6,30,1,10,1,0,3,0,2.1349978,0.259259271
474,0,10,0,5,30,1,7,1,0,3,0,2.1022599,0.666666676
475,1,6,0,5,30,1,7,1,0,3,0,2.1022599,0.555555573
476,0,7,0,5,30,1,7,1,0,3,0,2.1022599,0.333333343
477,0,7,10,0,45,1,11,1,0,3,0,3.8975587,0.111111111
478,0,10,10,0,45,1,11,0,0,3,0,3.8975587,NA
479,1,11,10,0,45,1,11,1,0,3,0,3.8975587,0.185185192
480,1,10,1,6,10,0,6,1,0,3,0,2.5487573,0.111111111
481,1,7,1,6,10,0,6,1,0,3,0,2.5487573,0
482,0,8,5,7,20,1,6,1,0,3,0,2.54021,1
483,1,10,5,7,20,1,6,1,0,3,0,2.54021,0.296296303
484,0,6,2,0,5,0,7,1,0,3,0,2.464433,0.407407416
485,1,7,2,0,5,0,7,1,0,3,0,2.464433,0.259259271
486,0,7,6,3,40,1,8,1,0,3,0,2.6012611,0.333333343
487,0,9,6,3,40,1,8,1,0,3,0,2.6012611,0.185185192
488,0,7,0,10,40,1,17,0,0,3,0,2.4527264,NA
489,1,8,0,10,40,1,17,1,0,3,0,2.4527264,0.333333343
490,1,10,0,0,50,1,8,1,0,3,0,2.5554113,0.259259271
491,0,7,0,0,50,1,8,1,0,3,0,2.5554113,0.14814816
492,0,10,2,13,40,1,10,1,0,3,0,2.5501842,0.333333343
493,0,8,2,13,40,1,10,1,0,3,0,2.5501842,0.037037054
494,0,8,2,7,20,1,8,1,0,3,0,2.5204196,0.703703703
495,1,8,4,3,40,1,3,1,0,3,0,2.5564396,0.37037038
496,1,11,0,4,10,1,7,1,0,3,0,2.5993297,0.592592603
497,1,6,0,4,10,1,7,1,0,3,0,2.5993297,0
498,1,9,0,4,10,1,7,1,0,3,0,2.5993297,0.37037038
499,0,7,8,0,15,1,8,1,0,3,0,2.5136614,0.703703703
500,0,8,2,5,50,1,7,1,0,3,0,2.4659464,0.407407416
501,1,7,1,5,40,1,8,1,0,3,0,2.2137246,0.14814816
502,0,9,1,10,40,1,5,1,0,3,0,2.2103968,0.259259271
503,1,6,1,10,40,1,5,1,0,3,0,2.2103968,0.185185192
504,0,7,0,0,5,1,4,1,0,3,0,2.5887091,0.259259271
505,0,8,0,0,45,0,13,1,0,3,0,2.5083461,0.296296303
506,1,8,2,6,30,1,9,1,0,3,0,2.5366287,0.555555573
507,1,6,2,6,30,1,9,1,0,3,0,2.5366287,0
508,1,10,0,10,25,1,6,1,0,3,0,2.5445318,0.740740757
509,1,7,0,10,25,1,6,1,0,3,0,2.5445318,0.88888892
510,0,7,3,16,30,0,18,1,0,3,0,2.5670862,0.37037038
511,0,7,3,16,30,0,18,1,0,3,0,2.5670862,0.296296303
512,1,10,3,16,30,0,18,1,0,3,0,2.5670862,0.777777812
513,0,6,15,10,30,0,11,1,0,3,0,2.535481,0.407407416
514,0,9,12,10,30,1,6,1,0,3,0,2.5506074,1
515,1,8,12,10,30,1,6,1,0,3,0,2.5506074,0.740740757
516,0,10,12,10,30,1,6,1,0,3,0,2.5506074,0.444444452
517,1,8,0,0,45,0,8,1,0,3,0,2.6100271,0.14814816
518,0,6,0,0,45,0,8,1,0,3,0,2.6100271,0
519,1,7,0,0,45,0,8,1,0,3,0,2.6100271,0.111111111
520,0,10,0,12,28,1,9,1,0,3,0,2.5910504,0.666666676
521,0,11,5,0,45,1,7,1,0,3,0,2.1104894,0.703703703
522,1,6,5,0,45,1,7,1,0,3,0,2.1104894,0
523,0,7,5,0,45,1,7,1,0,3,0,2.1104894,0.666666676
524,1,8,5,0,45,1,7,1,0,3,0,2.1104894,0.222222222
525,0,7,2,10,30,1,10,1,0,3,0,2.5904386,0.111111111
526,1,9,2,10,30,1,10,1,0,3,0,2.5904386,0.14814816
527,1,7,2,5,30,1,7,1,0,3,0,2.5204196,0.111111111
528,0,7,4,0,30,1,5,1,0,3,0,2.4334855,0.518518524
529,0,7,0,0,30,1,6,1,0,3,0,2.5686531,0
530,1,8,2,0,35,1,8,1,0,3,0,2.5166004,0.592592603
531,0,7,2,0,35,1,8,1,0,3,0,2.5166004,0.296296303
532,0,10,0,5,12,1,6,1,0,7,0,4.3724637,0.962962973
533,1,8,0,5,12,1,6,1,0,7,0,4.3724637,0.111111111
534,0,8,2,3,50,1,10,0,0,7,0,4.523241,NA
535,0,10,2,3,50,1,10,0,0,7,0,4.523241,NA
536,1,9,1,7,30,1,6,1,0,7,1,2.3369889,0.703703703
537,1,6,1,7,30,1,6,1,0,7,1,2.3369889,0.111111111
538,0,8,2,12,40,1,9,1,0,7,1,2.183893,0.703703703
539,0,10,2,12,40,1,9,1,0,7,1,2.183893,0.777777812
540,0,6,2,12,40,1,9,1,0,7,0,2.183893,0.111111111
541,0,7,5,0,20,1,10,1,0,7,0,2.4205637,0.14814816
542,0,7,2,10,45,1,7,1,0,7,0,4.4868093,0.481481492
543,1,10,2,10,45,1,7,1,0,7,0,4.4868093,0.518518524
544,0,8,3,5,10,1,5,1,0,7,1,4.5688095,0.629629652
545,0,10,10,0,45,0,8,1,0,7,1,2.6489949,0.629629652
546,0,7,0,6,50,1,8,1,0,7,1,2.3933768,0.592592603
547,0,8,0,10,1,1,7,1,0,7,1,4.4934988,0.111111111
548,1,9,12,30,13,0,15,1,0,7,1,2.390574,0.962962973
549,1,8,12,30,13,0,15,1,0,7,1,2.390574,0.740740757
550,0,7,12,30,13,0,15,1,0,7,1,2.390574,0.481481492
551,1,11,12,30,13,0,15,1,0,7,1,2.390574,0.740740757
552,0,8,1,10,20,1,9,1,0,7,1,2.4163573,0.481481492
553,1,9,2,20,30,0,10,1,0,7,0,2.3464906,0.777777812
554,1,8,2,20,30,0,10,1,0,7,0,2.3464906,0.111111111
555,0,10,2,20,30,0,10,1,0,7,0,2.3464906,0.703703703
556,1,7,3,0,40,1,10,1,0,7,0,4.4232879,0.185185192
557,0,11,3,0,40,1,10,1,0,7,0,4.4232879,0.740740757
558,0,6,0,0,35,1,7,1,0,7,0,4.4581923,0.111111111
559,1,9,0,0,35,1,7,1,0,7,0,4.4581923,0.259259271
560,0,8,1,2,30,1,5,1,0,7,1,4.4945059,0.185185192
561,1,7,1,0,20,1,9,1,0,7,0,2.4134557,0.111111111
562,1,6,2,20,20,1,11,1,0,7,1,4.473515,0.481481492
563,1,6,0,5,5,1,6,1,0,7,0,4.4218946,0.407407416
564,0,11,5,10,20,0,6,1,0,7,0,4.4353251,0.814814838
565,1,10,0,7,10,1,8,1,0,7,1,2.4047182,0.14814816
566,0,10,0,7,10,1,8,1,0,7,1,2.4047182,0.14814816
567,1,10,0,2,10,0,6,1,0,7,0,2.4449782,0.777777812
568,1,7,0,4,10,1,4,1,0,7,0,2.3517764,0.074074054
569,0,8,3,10,33,1,7,1,0,7,1,2.3493202,0.14814816
570,0,6,2,10,50,1,7,1,0,7,1,4.5233455,0.259259271
571,1,11,2,10,50,1,7,1,0,7,1,4.5233455,0.296296303
572,1,7,0,5,30,1,7,1,0,7,0,4.4361372,0.222222222
573,0,6,0,5,30,1,7,1,0,7,0,4.4361372,0.111111111
574,1,11,0,5,30,1,7,1,0,7,1,4.4361372,0.296296303
575,0,7,0,0,15,1,6,1,0,7,0,4.3985949,0.296296303
576,0,8,2,20,45,1,5,1,0,7,0,4.4224043,0.592592603
577,1,6,2,20,45,1,5,1,0,7,0,4.4224043,0.111111111
578,1,9,2,5,40,1,6,1,0,7,0,2.4060574,0.111111111
579,0,11,2,5,40,1,6,0,0,7,1,2.4060574,NA
580,0,7,2,10,20,0,6,1,0,7,0,4.3698015,0.14814816
581,1,11,0,10,25,1,8,1,0,7,1,4.5449085,0.88888892
582,0,10,0,10,25,1,8,1,0,7,1,4.5449085,0.703703703
583,1,7,0,6,30,1,6,1,0,7,0,4.3818293,0.111111111
584,1,8,0,6,30,1,6,1,0,7,0,4.3818293,0.14814816
585,1,6,1,1,4,1,4,1,0,7,0,4.5268555,0.259259271
586,1,7,6,0,30,1,8,1,0,7,1,4.5099578,0.333333343
587,1,10,6,0,30,1,8,1,0,7,1,4.5099578,0.407407416
588,1,10,0,7,40,1,10,1,0,7,1,2.4252496,0.518518524
589,1,10,0,6,26,1,8,1,0,7,0,4.4150786,0.185185192
590,0,8,0,6,26,1,8,1,0,7,1,4.4150786,0.111111111
591,0,7,0,10,20,1,9,1,0,7,0,4.4353251,0.111111111
592,1,7,4,10,20,0,12,1,0,7,1,4.4934988,0.111111111
593,1,9,4,10,20,0,12,1,0,7,1,4.4934988,0.296296303
594,1,11,4,10,20,0,12,1,0,7,1,4.4934988,0.333333343
595,0,6,0,7,3,1,7,1,0,7,0,2.4338679,0.111111111
596,1,11,0,7,3,1,7,1,0,7,1,2.4338679,0.407407416
597,0,11,0,10,30,1,9,1,0,7,0,4.5852971,1
598,1,6,0,10,30,1,9,1,0,7,0,4.5852971,0.14814816
599,0,7,0,10,30,1,9,1,0,7,0,4.5852971,0.333333343
600,1,8,16,10,35,0,7,1,0,7,1,4.5697012,0.703703703
601,0,6,16,10,35,0,7,1,0,7,1,4.5697012,0.111111111
602,1,8,0,15,37,0,10,1,0,7,0,2.3375154,0.814814838
603,0,7,0,15,37,0,10,1,0,7,0,2.3375154,0.777777812
604,0,8,1,40,75,1,9,1,0,7,1,2.3942609,0.407407416
605,0,10,10,20,50,1,14,1,0,7,0,4.5885019,0.444444452
606,0,8,10,20,50,1,14,1,0,7,0,4.5885019,0.296296303
607,0,10,2,20,33,1,11,1,0,7,0,4.369575,0.703703703
608,0,7,2,20,33,1,11,1,0,7,0,4.369575,0.14814816
609,0,9,1,20,50,1,7,1,0,7,0,4.4652119,0.222222222
610,1,11,1,20,50,1,7,1,0,7,0,4.4652119,0.703703703
611,0,7,1,0,13,0,5,1,0,7,1,4.4140372,0.296296303
612,0,10,5,5,35,1,8,1,0,7,1,2.3818598,0.962962973
613,1,8,5,5,35,1,8,1,0,7,1,2.3818598,0.407407416
614,1,11,6,6,60,1,10,1,0,7,1,2.4105182,0.296296303
615,1,10,6,6,60,1,10,1,0,7,1,2.4105182,0.111111111
616,1,7,4,6,7,1,7,1,0,7,1,4.5576158,0.777777812
617,0,8,4,6,7,1,7,1,0,7,1,4.5576158,0.740740757
618,1,6,1,15,65,1,12,1,0,7,1,4.6149888,0
619,1,8,0,0,60,1,13,1,0,7,0,4.5254426,0.555555573
620,0,8,0,0,60,1,13,1,0,7,0,4.5254426,0.111111111
621,0,10,0,0,60,1,13,1,0,7,0,4.5254426,0.333333343
622,0,7,0,0,60,1,13,1,0,7,0,4.5254426,0.074074054
623,0,7,0,0,60,1,13,1,0,7,0,4.5254426,0.037037054
624,0,11,0,15,30,1,5,1,0,7,0,2.4127996,0.925925974
625,0,7,0,0,15,1,8,1,0,7,0,2.4164615,0.111111111
626,1,6,3,10,40,1,9,1,0,2,1,1.8895127,0.111111111
627,1,8,3,10,40,1,9,1,0,2,0,1.8895127,0.962962973
628,0,7,3,20,40,1,10,1,0,2,1,1.9013553,0.222222222
629,1,11,3,20,40,1,10,1,0,2,0,1.9013553,0.185185192
630,0,6,3,20,40,1,10,1,0,2,1,1.9013553,0.444444452
631,1,7,3,8,15,0,5,1,0,2,0,1.9094373,0.14814816
632,1,7,0,10,20,1,10,1,0,2,1,1.9013553,0.407407416
633,1,7,0,10,20,1,10,1,0,2,1,1.9013553,0.333333343
634,0,6,0,10,20,1,10,1,0,2,1,1.9013553,0.037037054
635,1,6,10,0,35,0,5,1,0,2,1,1.9140427,0.037037054
636,1,7,4,5,40,0,12,1,0,2,1,1.7497207,0.37037038
637,1,10,4,5,40,0,12,1,0,2,0,1.7497207,0.407407416
638,0,6,4,5,40,0,12,1,0,2,1,1.7497207,0.518518524
639,0,11,0,0,20,1,10,1,0,2,1,2.1367207,0.851851865
640,0,7,0,0,20,1,10,1,0,2,1,2.1367207,0.740740757
641,1,8,0,0,20,1,10,1,0,2,1,2.1367207,0.185185192
642,0,7,2,8,30,1,6,1,0,2,1,1.8934222,0.777777812
643,0,10,2,8,30,1,6,1,0,2,1,1.8934222,0.962962973
644,1,10,5,10,45,1,12,1,0,2,1,1.8960664,0.185185192
645,1,7,1,5,30,1,8,1,0,2,1,1.8960664,0.259259271
646,1,6,5,10,45,1,12,1,0,2,0,1.8960664,0
647,0,6,2,0,35,1,9,1,0,2,1,1.8780411,0.111111111
648,1,7,2,0,35,1,9,1,0,2,1,1.8780411,0.185185192
649,0,10,2,0,35,1,9,1,0,2,1,1.8780411,1
650,1,8,0,10,30,1,7,1,0,2,1,1.904891,0.074074054
651,1,10,0,10,30,1,7,1,0,2,1,1.904891,0.111111111
652,1,7,0,0,20,0,8,1,0,2,1,1.8934222,0.444444452
653,0,7,0,0,50,1,8,1,0,2,1,1.9355127,0.185185192
654,0,9,2,6,5,1,5,0,0,2,1,2.0193284,NA
655,0,10,2,10,35,1,6,1,0,2,1,2.0084536,0.703703703
656,1,9,2,10,35,1,6,1,0,2,1,2.0084536,0.666666676
657,0,8,0,50,25,1,12,1,0,2,1,2.0142808,0.444444452
658,1,9,0,50,25,1,12,1,0,2,1,2.0142808,0.222222222
659,0,11,0,50,25,1,12,1,0,2,1,2.0142808,1
660,0,7,0,0,20,0,7,1,0,2,1,2.0245163,0.259259271
661,1,9,0,0,20,0,7,1,0,2,0,2.0245163,0
662,0,9,2,8,12,1,4,1,0,2,1,2.0209429,0.481481492
663,1,7,2,30,70,1,7,1,0,2,0,1.9625589,0.14814816
664,1,6,2,30,70,1,7,1,0,2,0,1.9625589,0
665,1,8,0,10,35,1,8,1,0,2,1,1.9241539,0.111111111
666,1,10,0,10,35,1,8,1,0,2,1,1.9241539,0.407407416
667,1,10,1,20,20,1,10,1,0,2,1,3.7347379,0.37037038
668,0,8,1,20,20,1,10,1,0,2,1,3.7347379,0.629629652
669,0,11,1,20,20,1,10,0,0,2,1,3.7347379,NA
670,1,10,0,20,10,0,8,1,0,2,1,1.9333478,0.296296303
671,0,11,0,20,10,0,8,1,0,2,1,1.9333478,0.333333343
672,0,8,0,20,10,0,8,1,0,2,1,1.9333478,0.481481492
673,0,8,10,15,66,1,8,1,0,2,1,2.0352399,0.592592603
674,1,6,10,15,66,1,8,1,0,2,1,2.0352399,0.111111111
675,1,11,1,10,25,1,10,1,0,2,0,2.0445409,0.740740757
676,1,7,1,10,25,1,10,1,0,2,1,2.0445409,0.037037054
677,0,8,1,10,25,1,10,1,0,2,1,2.0445409,0.259259271
678,0,10,1,10,25,1,10,1,0,2,1,2.0445409,0.777777812
679,0,7,3,10,20,1,6,1,1,12,1,3.214797,0.703703703
680,1,9,3,10,20,1,6,1,1,12,1,3.214797,0.740740757
681,1,6,10,7,37,1,8,1,1,12,1,4.1644592,0.14814816
682,1,10,10,7,37,1,8,1,1,12,0,4.1644592,0.333333343
683,0,7,10,7,37,1,8,1,1,12,1,4.1644592,0.592592603
684,0,9,1,5,33,1,6,1,1,12,1,4.1800632,0.777777812
685,1,7,1,5,33,1,6,1,1,12,0,4.1800632,0.14814816
686,0,8,20,4,4,0,8,1,1,12,1,4.229836,0.666666676
687,1,7,20,4,4,0,8,1,1,12,1,4.229836,0.111111111
688,0,10,20,4,4,0,8,1,1,12,1,4.229836,0.777777812
689,0,9,3,0,32,1,5,1,1,12,1,4.0480256,0.703703703
690,1,10,3,0,32,1,5,1,1,12,1,4.0480256,0.629629652
691,0,7,0,0,10,1,3,1,1,12,1,3.3285718,0.703703703
692,1,9,2,2,38,1,7,1,1,12,1,3.0549231,0.518518524
693,1,8,2,0,26,0,4,0,1,12,1,3.0375175,NA
694,1,7,3,1,35,0,6,1,1,12,1,4.1102734,0.296296303
695,1,9,3,1,35,0,6,1,1,12,0,4.1102734,0.333333343
696,0,7,0,0,30,1,13,0,1,12,1,4.0868144,NA
697,1,10,0,0,30,1,13,1,1,12,1,4.0868144,0.37037038
698,0,10,0,3,20,0,7,1,1,12,0,4.0643759,0.111111111
699,0,6,0,3,20,0,7,1,1,12,1,4.0643759,0.777777812
700,1,8,0,15,20,1,10,1,1,12,0,4.062326,0.185185192
701,0,11,0,4,19,1,10,1,1,12,1,3.1985567,0.703703703
702,0,7,0,4,19,1,10,1,1,12,1,3.1985567,0.740740757
703,0,9,0,4,19,1,10,1,1,12,1,3.1985567,0.185185192
704,1,7,7,20,7,1,8,1,1,12,1,4.1101956,0.703703703
705,1,10,8,20,20,1,10,1,1,12,0,4.0721107,0.296296303
706,0,11,4,3,25,0,8,1,1,12,1,4.0505638,0.740740757
707,0,7,4,3,25,0,8,1,1,12,1,4.0505638,0.592592603
708,0,6,4,3,25,0,8,1,1,12,1,4.0505638,0.740740757
709,1,10,6,10,50,1,5,1,1,12,1,3.9687848,0.740740757
710,1,6,11,0,37,1,6,1,1,12,1,3.3936012,0.185185192
711,0,7,11,0,37,1,6,1,1,12,1,3.3936012,0.703703703
712,1,7,4,7,20,1,5,1,1,12,0,3.211194,0.185185192
713,1,7,12,15,5,0,8,1,1,12,1,3.1505272,0.740740757
714,1,11,12,15,5,0,8,1,1,12,1,3.1505272,0.666666676
715,0,6,5,2,35,1,7,1,1,12,1,3.2775338,0
716,1,11,5,2,35,1,7,1,1,12,1,3.2775338,0.703703703
717,0,8,5,2,35,1,7,1,1,12,1,3.2775338,0.592592603
718,0,9,3,2,30,1,9,1,1,12,1,3.0939004,0.777777812
719,0,7,3,2,30,1,9,1,1,12,1,3.0939004,0.296296303
720,1,11,3,2,30,1,9,1,1,12,1,3.0939004,0.777777812
721,0,7,2,0,40,1,5,1,1,12,1,3.2466605,0.777777812
722,1,9,0,5,20,1,4,1,1,12,1,3.214797,0.740740757
723,1,7,2,3,40,1,10,1,1,12,1,3.1802344,0.37037038
724,0,10,6,0,50,1,8,1,1,12,1,3.1802344,0.777777812
725,1,7,6,0,50,1,8,1,1,12,1,3.1802344,0.296296303
726,0,6,3,6,40,1,5,0,1,12,1,3.0955141,NA
727,1,8,5,6,33,0,6,1,1,12,1,3.2877729,0.666666676
728,1,11,4,6,14,0,4,1,1,12,1,3.0485044,0.777777812
729,0,10,4,6,14,0,4,1,1,12,1,3.0485044,0.851851865
730,1,11,2,6,60,0,9,1,1,12,1,3.0773056,0.777777812
731,1,7,2,6,60,0,9,1,1,12,1,3.0773056,0.14814816
732,1,9,2,6,60,0,9,1,1,12,1,3.0773056,0.740740757
733,1,11,8,6,36,0,10,1,1,12,1,3.0773056,0.740740757
734,1,9,8,6,36,0,10,1,1,12,1,3.0773056,0.518518524
735,1,7,8,6,36,0,10,1,1,12,1,3.0773056,0.14814816
736,0,10,2,6,30,1,7,1,1,12,0,3.7112594,0.592592603
737,0,9,5,9,50,1,8,1,1,12,0,3.7560256,0.296296303
738,0,7,5,9,50,1,8,1,1,12,0,3.7560256,0.222222222
739,1,11,1,3,20,1,6,1,1,12,1,3.9107563,0.666666676
740,1,8,2,3,20,1,8,1,1,12,1,3.9038143,0.777777812
741,1,6,2,3,20,1,8,1,1,12,0,3.9038143,0.037037054
742,1,10,2,2,35,1,5,1,1,12,1,3.9105358,0.629629652
743,1,7,6,2,56,0,7,1,1,12,1,3.8170984,0.629629652
744,1,6,1,3,14,1,6,1,1,12,1,4.0946541,0.555555573
745,0,8,1,4,1,1,7,1,1,12,0,3.7072825,0.666666676
746,1,6,1,4,1,1,7,1,1,12,0,3.7072825,0.037037054
747,1,7,3,10,35,1,9,1,1,12,1,3.5523221,0.592592603
748,0,10,3,10,35,1,9,1,1,12,1,3.5523221,0.925925974
749,0,8,3,10,35,1,9,0,1,12,0,3.5523221,NA
750,0,7,7,0,14,1,5,1,1,12,1,3.6944048,0.629629652
751,1,9,7,0,14,1,5,1,1,12,1,3.6944048,0.740740757
752,1,7,8,6,20,1,6,1,1,12,0,3.6888366,0.222222222
753,0,9,4,6,50,1,8,1,1,12,0,3.5101359,0.407407416
754,0,7,4,6,50,1,8,1,1,12,1,3.5101359,0.37037038
755,1,9,8,10,40,1,10,1,1,12,1,3.5101359,0.666666676
756,1,9,0,4,70,1,8,1,1,12,1,3.8942401,0.629629652
757,0,6,1,0,1,1,3,1,1,12,0,3.8937676,0.037037054
758,0,10,2,0,50,1,6,1,1,12,0,4.0140815,0.518518524
759,0,7,2,0,50,1,6,1,1,12,0,4.0140815,0.296296303
760,1,8,12,4,30,0,8,1,1,12,1,4.076859,0.629629652
761,0,7,12,4,30,0,8,1,1,12,1,4.076859,0.185185192
762,1,10,12,4,30,0,8,1,1,12,0,4.076859,0.259259271
763,1,11,3,0,40,1,12,1,1,12,1,3.6978791,0.481481492
764,1,7,3,0,40,1,12,1,1,12,1,3.6978791,0.185185192
765,1,8,3,7,30,1,8,1,1,12,1,3.690202,0.37037038
766,0,10,0,0,30,1,5,1,1,12,1,3.6947124,0.703703703
767,1,7,0,0,30,1,5,0,1,12,0,3.6947124,NA
768,0,10,10,7,50,0,7,1,1,12,0,3.7854702,0.740740757
769,0,11,10,7,50,0,7,1,1,12,1,3.7854702,0.740740757
770,1,8,10,7,50,0,7,1,1,12,1,3.7854702,0.592592603
771,0,7,10,7,50,0,7,1,1,12,0,3.7854702,0.111111111
772,1,7,5,5,25,1,18,1,1,12,1,3.9197977,0.555555573
773,0,10,5,5,25,1,18,1,1,12,1,3.9197977,1
774,1,8,5,5,25,1,18,1,1,12,1,3.9197977,0.629629652
775,1,9,1,3,14,1,8,1,1,12,1,4.0946541,0.629629652
776,1,6,1,3,14,1,8,1,1,12,0,4.0946541,0.074074054
777,0,10,0,5,40,0,5,1,1,12,1,3.7130575,0.88888892
778,1,9,0,5,40,0,5,1,1,12,1,3.7130575,0.777777812
779,0,10,9,10,37,0,8,1,1,12,1,3.7130575,1
780,1,7,9,10,37,0,8,1,1,12,0,3.7130575,0.259259271
781,0,10,2,5,33,1,5,0,1,12,1,3.5523221,NA
782,0,10,4,4,40,1,8,0,1,12,0,3.7671654,NA
783,0,9,4,4,40,1,8,1,1,12,0,3.7671654,0.518518524
784,0,6,0,10,50,1,10,1,1,12,0,3.7231293,0.111111111
785,0,8,0,10,50,1,10,1,1,12,0,3.7231293,0.740740757
786,1,10,0,10,50,1,10,1,1,12,1,3.7231293,0.777777812
787,0,8,0,15,16,1,6,1,1,12,0,3.6857924,0.111111111
788,1,11,0,15,60,0,4,1,1,12,1,3.6823645,0.777777812
789,0,6,0,0,25,1,10,1,1,12,0,3.7118993,0.666666676
790,1,11,0,0,25,1,10,1,1,12,1,3.7118993,0.740740757
791,0,8,0,0,25,1,10,1,1,12,0,3.7118993,0.629629652
792,1,9,0,4,40,1,8,1,1,12,1,4.0897856,0.666666676
793,0,7,0,4,40,1,8,1,1,12,0,4.0897856,0.14814816
794,1,6,6,0,10,1,4,1,1,12,0,3.8641651,0.185185192
795,0,8,8,0,30,0,9,1,1,12,1,3.8607049,0.703703703
796,1,6,8,0,30,0,9,1,1,12,0,3.8607049,0
797,0,9,3,2,50,1,4,1,1,12,1,3.8003664,0.629629652
798,0,9,3,0,13,1,7,1,1,12,1,3.7652676,1
799,1,10,3,0,13,1,7,1,1,12,1,3.7652676,0.666666676
800,0,10,3,10,30,1,8,0,1,12,1,3.8217547,NA
801,1,8,3,10,30,1,8,1,1,12,1,3.8217547,0.777777812
802,0,9,3,10,30,1,8,1,1,12,1,3.8217547,0.925925974
803,0,11,4,2,50,1,6,1,1,12,0,3.8561819,0.296296303
804,1,8,4,2,50,1,6,1,1,12,0,3.8561819,0.111111111
805,0,10,0,15,15,1,7,0,1,12,1,3.9655859,NA
806,1,7,0,15,15,1,7,1,1,12,0,3.9655859,0.074074054
807,1,9,6,2,40,0,8,1,1,12,1,3.8267803,0.703703703
808,0,8,6,2,40,0,8,1,1,12,1,3.8267803,1
809,1,8,0,10,60,1,6,1,1,12,1,3.9034777,0.259259271
810,0,6,1,0,20,1,17,1,1,12,0,3.8852389,0.037037054
811,1,8,1,0,20,1,17,1,1,12,1,3.8852389,0.555555573
812,1,8,4,3,20,1,8,0,1,12,1,3.8296258,NA
813,1,10,4,3,20,1,8,1,1,12,1,3.8296258,0.777777812
814,1,7,0,10,50,0,13,1,1,12,0,3.9966695,0.111111111
815,0,9,0,10,50,0,13,1,1,12,0,3.9966695,0.555555573
816,1,7,3,2,40,1,10,1,1,12,1,4.0057235,0.222222222
817,1,9,1,0,14,1,7,1,1,12,1,4.0946541,0.629629652
818,0,7,1,0,14,1,7,1,1,12,0,4.0946541,0.111111111
819,0,7,0,0,30,0,8,1,1,12,1,2.0681524,0.666666676
820,0,6,6,0,20,0,7,1,1,12,0,2.9020464,0.111111111
821,0,10,6,0,20,0,7,1,1,12,1,2.9020464,0.592592603
822,0,7,7,10,16,1,5,0,1,12,0,2.3453307,NA
823,0,6,0,6,15,1,7,1,1,12,0,1.9313567,0.111111111
824,0,8,3,4,50,1,5,1,1,12,1,2.1029358,0.592592603
825,0,10,0,2,15,0,6,1,1,12,1,2.0987585,0.740740757
826,1,7,0,2,15,0,6,1,1,12,0,2.0987585,0.111111111
827,1,6,2,10,20,1,16,1,1,12,1,2.8995461,0.777777812
828,1,8,2,10,20,1,16,1,1,12,1,2.8995461,0.777777812
829,0,10,2,10,20,1,16,1,1,12,1,2.8995461,0.777777812
830,0,11,0,5,10,1,5,0,1,12,1,2.086442,NA
831,0,10,1,2,60,1,4,1,1,12,1,2.8552012,0.703703703
832,1,11,10,2,13,0,6,1,1,12,1,2.1191616,0.740740757
833,0,7,10,2,13,0,6,1,1,12,0,2.1191616,0.444444452
834,0,9,10,2,13,0,6,1,1,12,1,2.1191616,0.814814838
835,0,11,6,5,44,1,5,1,1,12,1,2.1024423,0.777777812
836,0,8,2,0,30,1,4,1,1,12,1,2.8105757,0.740740757
837,1,6,0,7,30,1,6,1,1,12,0,0.41822025,0
838,0,10,0,7,30,1,6,1,1,12,1,0.41822025,0.777777812
839,0,8,3,0,45,1,3,0,1,12,1,0.31061676,NA
840,1,7,2,10,30,1,10,1,1,12,1,0.11700484,0.111111111
841,0,9,2,10,30,1,10,1,1,12,1,0.11700484,0.296296303
842,0,10,2,10,30,1,10,1,1,12,1,0.11700484,0.629629652
843,1,7,6,5,13,0,6,1,1,12,1,0.37688318,0.703703703
844,1,10,2,4,50,1,8,1,1,12,1,0.28965572,0.777777812
845,1,6,1,2,15,1,6,1,1,12,0,0.26395479,0.037037054
846,0,9,1,2,15,1,6,1,1,12,1,0.26395479,0.740740757
847,0,9,0,5,40,1,7,1,1,12,1,0.90903145,0.740740757
848,1,8,0,2,20,1,5,1,1,12,1,0.49567187,0.518518524
849,1,6,2,0,40,1,5,1,1,12,1,0.28754887,0.185185192
850,0,7,1,0,30,1,6,1,1,12,1,0.26476797,0.259259271
851,0,10,3,0,35,1,8,1,1,12,1,0.78115618,0.777777812
852,1,10,0,0,37,1,7,1,1,12,1,0.31061676,0.592592603
853,1,8,10,10,30,1,7,0,1,12,1,0.12069096,NA
854,0,7,10,6,30,0,5,1,1,12,1,0.71109247,0.925925974
855,1,8,5,5,10,1,9,1,1,12,1,0.70830643,0.740740757
856,0,6,7,5,25,1,5,1,1,12,0,0.70830643,0
857,1,10,3,4,40,1,5,1,1,12,0,0.0938944,0.296296303
858,1,8,3,4,40,1,5,1,1,12,1,0.0938944,0.185185192
859,0,10,3,12,60,1,6,1,1,12,1,0.44962999,0.777777812
860,1,6,3,12,60,1,6,1,1,12,0,0.44962999,0.037037054
861,0,7,0,15,27,0,5,1,1,12,1,0.32894054,0.777777812
862,0,8,0.5,0,50,1,7,1,1,12,1,0.08197622,0.666666676
863,0,10,0.5,0,50,1,7,0,1,12,1,0.08197622,NA
864,0,6,0,7,70,1,9,1,1,12,1,1.0233787,0.481481492
865,0,10,0,7,70,1,9,1,1,12,1,1.0233787,0.851851865
866,1,6,3,15,50,1,9,1,1,12,0,0.63967693,0
867,1,10,3,15,50,1,9,1,1,12,0,0.63967693,0.407407416
868,1,10,0,7,70,1,7,1,1,12,1,0.44291434,0.555555573
869,1,7,0,7,70,1,7,1,1,12,0,0.44291434,0.037037054
870,1,8,2,10,32,1,5,0,1,12,1,0.10960637,NA
871,0,9,2,10,60,1,7,1,1,12,1,0.47456565,0.555555573
872,0,7,1,5,40,1,5,1,1,12,0,0.47868708,0.037037054
873,0,9,1,0,20,1,7,1,1,12,1,0.47868708,0.555555573
874,1,7,0,0,40,1,7,1,1,12,0,0.28754887,0.185185192
875,1,8,0,0,40,1,7,1,1,12,1,0.28754887,0.111111111
876,1,10,0,5,25,0,14,1,1,12,1,0.24057417,0.592592603
877,0,6,0,5,25,0,14,1,1,12,0,0.24057417,0.185185192
878,0,9,0,5,25,0,14,1,1,12,1,0.24057417,1
879,0,6,0,0,40,1,6,1,1,12,0,0.26395479,0.037037054
880,1,10,0,12,50,1,8,1,1,12,1,0.71663046,0.37037038
881,1,8,3,5,30,1,5,1,1,12,1,0.77664673,0.518518524
882,0,7,3,0,14,1,12,1,1,12,1,0.05531748,0.592592603
883,1,9,3,5,50,1,10,1,1,12,1,0.13998787,0.777777812
884,0,10,3,5,50,1,10,0,1,12,1,0.13998787,NA
885,1,8,3,5,50,1,10,1,1,12,1,0.13998787,0.296296303
886,0,8,0,3,30,1,5,1,1,12,1,0.6937713,0.592592603
887,1,9,5,3,30,1,10,1,1,12,1,0.0938944,0.629629652
888,0,8,5,3,30,1,10,1,1,12,1,0.0938944,0.962962973
889,0,8,5,6,40,0,6,1,1,12,1,0.73888224,0.518518524
890,1,6,4,20,59,0,15,1,1,12,0,0.38007602,0.037037054
891,1,8,4,20,59,0,15,1,1,12,1,0.38007602,0.111111111
892,0,7,0,3,15,1,8,1,1,12,1,0.39228544,0.666666676
893,1,7,0,3,16,1,6,1,1,12,0,0.39228544,0.111111111
894,1,9,0,0,28,1,5,1,1,12,0,0.58518362,0.111111111
895,1,10,0,0,40,1,3,1,1,12,0,0.57117343,0.111111111
896,1,8,7,3,50,1,9,1,1,12,0,0.11466248,0.259259271
897,1,7,5,4,38,1,5,0,1,12,0,0.11466248,NA
898,1,8,4,0,50,1,5,1,0,14,0,3.0495424,0.111111111
899,0,9,1,6,50,0,10,1,0,14,1,2.9368036,0.962962973
900,1,9,1,6,50,0,10,1,0,14,0,2.9368036,0.37037038
901,0,7,1,0,15,1,4,1,0,14,0,2.8939738,0.111111111
902,1,11,1,0,15,1,4,1,0,14,0,2.8939738,0.777777812
903,0,9,0,0,45,1,6,1,0,14,0,2.8965685,0.111111111
904,0,7,0,0,45,0,6,1,0,14,0,2.8907273,0
905,1,10,0,0,45,0,6,1,0,14,0,2.8907273,0.222222222
906,0,10,0,2,30,0,6,1,0,14,1,2.8907273,0.777777812
907,0,7,0,2,30,0,6,1,0,14,0,2.8907273,0.259259271
908,0,11,10,2,10,0,7,1,0,14,0,2.9126804,0.592592603
909,1,7,10,2,10,0,7,1,0,14,0,2.9126804,0.333333343
910,1,7,4,0,13,1,18,1,0,14,0,2.8132911,0
911,0,10,4,0,13,1,18,1,0,14,0,2.8132911,0.814814838
912,1,7,0,4,40,1,8,1,0,14,0,2.9925561,0.14814816
913,0,8,0,4,40,1,8,1,0,14,0,2.9925561,0.333333343
914,1,9,0,4,40,1,8,1,0,14,0,2.9925561,0.333333343
915,0,9,3,5,10,0,10,1,0,14,1,3.0281618,0.925925974
916,1,7,3,5,10,0,10,1,0,14,0,3.0281618,0.111111111
917,0,10,3,5,10,0,10,1,0,14,1,3.0281618,0.962962973
918,0,10,0,0,20,0,5,1,0,14,0,2.7658532,0.296296303
919,0,8,0,0,30,0,5,1,0,14,0,2.7775483,0.296296303
920,1,6,0,0,30,0,5,1,0,14,0,2.7775483,0.14814816
921,0,8,1,5,10,1,6,1,0,14,1,1.1675878,0.777777812
922,1,7,0,5,20,0,7,1,0,14,0,2.8102388,0.222222222
923,0,10,0,5,20,0,7,0,0,14,0,2.8102388,NA
924,1,9,0,0,3,0,7,1,0,14,1,1.2953923,0.259259271
925,0,6,3,0,31,0,6,0,0,14,1,3.0163746,NA
926,0,7,3,0,31,0,6,1,0,14,0,3.0163746,0.703703703
927,1,7,0,0,7,1,6,1,0,14,0,2.6676431,0.111111111
928,0,7,0,0,1,1,6,0,0,14,0,2.2305918,NA
929,1,8,1,0,12,1,9,1,0,14,0,2.8921597,0.111111111
930,0,6,1,0,12,1,9,1,0,14,0,2.8921597,0.111111111
931,0,8,0,5,55,1,4,1,0,14,0,2.6017182,0.222222222
932,1,6,0,2,20,0,7,1,0,14,0,2.7742114,0.037037054
933,0,11,0,2,20,0,7,1,0,14,1,2.7742114,0.777777812
934,1,10,0,2,20,0,7,1,0,14,0,2.7742114,0.37037038
935,0,8,4,2,45,0,9,1,0,14,1,1.1675878,0.296296303
936,1,10,3,0,54,1,6,1,0,14,0,2.8580613,0.14814816
937,0,6,0,0,25,0,5,1,0,14,0,2.5859747,0.111111111
938,0,9,0,0,25,0,5,0,0,14,0,2.5859747,NA
939,1,10,0,0,10,1,6,1,0,14,0,2.30603,0.185185192
940,1,9,5,0,30,0,6,1,0,14,0,2.6074202,0.14814816
941,1,11,5,0,30,0,6,1,0,14,0,2.6074202,0.222222222
942,0,7,5,10,30,0,15,1,0,14,1,2.8430901,0.740740757
943,0,9,0,0,30,0,5,1,0,14,0,2.8309312,0.296296303
944,1,7,0,4,20,1,3,1,0,14,0,2.765135,0.222222222
945,0,10,0,3,20,1,10,1,0,14,1,2.7742114,0.777777812
946,0,6,0,3,20,1,10,1,0,14,0,2.7742114,0.37037038
947,1,8,0,3,20,1,10,1,0,14,0,2.7742114,0.222222222
948,0,10,12,20,1,0,6,1,0,13,1,3.4858551,1
949,0,7,12,20,1,0,6,1,0,13,0,3.4858551,0.629629652
950,0,7,5,4,35,1,4,1,0,13,0,3.4796076,0.222222222
951,0,9,5,4,35,1,4,1,0,13,1,3.4796076,0.666666676
952,0,10,10,0,20,0,6,1,0,13,0,3.5813143,0.222222222
953,0,6,10,0,20,0,6,1,0,13,0,3.5813143,0.185185192
954,0,9,0,0,20,0,7,1,0,13,0,3.3199205,0.333333343
955,0,11,0,0,20,0,7,1,0,13,0,3.3199205,0.703703703
956,1,8,0,0,20,0,7,1,0,13,0,3.3199205,0.222222222
957,0,7,0,0,30,1,7,1,0,13,0,3.5055315,0.222222222
958,1,11,0,0,30,1,7,1,0,13,0,3.5055315,0.222222222
959,1,9,5,3,16,1,9,1,0,13,0,3.4941068,0.222222222
960,0,10,6,10,40,1,7,1,0,13,1,3.4253571,0.851851865
961,1,6,6,10,40,1,7,1,0,13,0,3.4253571,0.111111111
962,1,8,6,10,40,1,7,1,0,13,0,3.4253571,0.296296303
963,0,11,6,10,40,1,7,1,0,13,1,3.4253571,0.259259271
964,1,11,0,0,50,1,10,1,0,13,0,3.4253571,0.777777812
965,0,8,5,0,30,1,6,0,0,13,0,3.4816747,NA
966,0,6,5,0,30,1,6,0,0,13,0,3.4816747,NA
967,0,9,6,0,16,0,8,1,0,13,0,3.4816747,0.333333343
968,0,11,6,0,16,0,8,1,0,13,1,3.4816747,0.777777812
969,0,7,6,0,16,0,8,1,0,13,0,3.4816747,0.185185192
970,0,7,15,0,28,0,6,1,0,13,1,3.4224355,0.703703703
971,1,6,5,0,12,0,9,1,0,13,0,3.5641482,0.185185192
972,0,11,5,0,12,0,9,1,0,13,0,3.5641482,0.407407416
973,1,8,5,0,12,0,9,1,0,13,0,3.5641482,0.259259271
974,0,10,2,0,20,0,8,0,0,13,1,3.5084858,NA
975,0,7,2,0,20,0,8,0,0,13,1,3.5084858,NA
976,1,7,0,5,14,0,3,1,0,13,0,3.413487,0.222222222
977,1,8,2,6,20,1,6,1,0,13,0,3.396184,0.111111111
978,0,7,0,1,12,1,5,1,0,13,0,3.4292808,0.259259271
979,0,7,12,10,20,0,9,1,0,13,1,3.4379847,0.481481492
980,0,10,12,10,20,0,9,1,0,13,1,3.4379847,0.777777812
981,0,10,6,5,35,0,7,1,0,13,1,3.4154291,0.851851865
982,1,6,6,5,35,0,7,1,0,13,0,3.4154291,0.14814816
983,0,10,0,2,20,1,5,1,0,13,0,3.1512313,0.518518524
984,0,10,0,0,30,1,5,1,0,13,0,3.5325439,0.111111111
985,0,7,0,0,30,1,5,1,0,13,0,3.5325439,0.111111111
986,0,10,0,0,15,0,6,1,0,13,1,3.4193676,0.666666676
987,1,7,0,0,20,1,7,1,0,13,0,3.1690118,0.111111111
988,0,10,0,0,20,1,7,1,0,13,0,3.1690118,0.111111111
989,1,7,3,2,16,0,6,1,0,13,0,3.5116668,0.111111111
990,0,10,3,2,16,0,6,1,0,13,0,3.5116668,0.333333343
991,0,6,1,4,16,1,6,1,0,15,0,2.0054741,0.111111111
992,1,9,1,4,16,1,6,1,0,15,0,2.0054741,0.333333343
993,1,7,1,4,16,1,6,1,0,15,0,2.0054741,0.333333343
994,1,8,5,0,33,0,7,1,0,15,0,1.9724331,0.296296303
995,0,6,5,0,33,0,7,1,0,15,0,1.9724331,0.296296303
996,0,9,5,0,33,0,7,1,0,15,0,1.9724331,0.814814838
997,0,9,0,10,50,1,5,1,0,15,0,1.810493,0.296296303
998,1,6,0,10,50,1,5,1,0,15,0,1.810493,0.185185192
999,0,7,0,0,56,1,8,1,0,15,0,1.972032,0.37037038
1000,0,8,0,0,56,1,8,1,0,15,0,1.972032,0.407407416
1001,0,6,0,0,56,1,8,1,0,15,0,1.972032,0.074074054
1002,0,11,0,0,56,1,8,1,0,15,0,1.972032,0.88888892
1003,0,11,1,30,14,1,8,1,0,15,1,1.9770286,0.925925974
1004,1,6,1,30,14,1,8,1,0,15,0,1.9770286,0.14814816
1005,0,9,1,30,14,1,8,1,0,15,0,1.9770286,0.740740757
1006,1,11,2,5,45,1,7,1,0,15,0,1.979594,0.333333343
1007,0,8,2,5,45,1,7,1,0,15,0,1.979594,0.333333343
1008,0,6,2,5,45,1,7,1,0,15,0,1.979594,0
1009,1,7,3,0,32,1,6,1,0,15,0,2.0094767,0.111111111
1010,1,9,3,0,32,1,6,1,0,15,0,2.0094767,0.333333343
1011,0,11,0,0,6,1,7,1,0,15,1,3.158932,0.444444452
1012,0,10,0,0,6,1,7,1,0,15,1,3.158932,0.88888892
1013,0,6,0,0,6,1,7,1,0,15,0,3.158932,0.222222222
1014,1,9,3,6,17,1,10,1,0,15,0,3.1808481,0.259259271
1015,1,8,3,6,17,1,10,1,0,15,0,3.1808481,0.222222222
1016,1,8,0,0,5,1,4,1,0,15,1,3.1708541,0.703703703
1017,0,6,7,0,8,1,12,1,0,15,1,2.8983521,0.851851865
1018,1,8,3,10,9,1,11,1,0,15,0,2.9593697,0.296296303
1019,0,9,3,10,9,1,11,1,0,15,0,2.9593697,0.629629652
1020,1,11,3,10,9,1,11,1,0,15,0,2.9593697,0.296296303
1021,1,7,5,0,6,1,9,1,0,15,1,3.138823,0.629629652
1022,0,8,5,0,6,1,9,1,0,15,1,3.138823,0.777777812
1023,0,7,4,8,30,1,6,0,0,15,0,2.9073303,NA
1024,1,11,10,4,2,1,8,1,0,15,0,2.9739578,0.333333343
1025,1,11,1,0,3,1,8,1,0,15,0,2.9739578,0.592592603
1026,0,7,5,0,2,1,12,1,0,15,0,2.9018118,0.333333343
1027,1,7,5,0,2,1,12,1,0,15,0,2.9018118,0.333333343
1028,0,8,12,0,6,0,5,1,0,15,0,3.1398835,0.259259271
1029,0,11,12,0,6,0,5,1,0,15,1,3.1398835,0.851851865
1030,1,8,5,0,4,0,7,1,0,15,1,3.1398835,0.592592603
1031,0,6,12,6,10,0,7,1,0,15,0,2.9296882,0.333333343
1032,0,9,12,6,10,0,7,1,0,15,1,2.9296882,1
1033,0,6,5,0,6,1,10,1,0,15,0,2.9296882,0.037037054
1034,0,11,5,0,6,1,10,1,0,15,0,2.9296882,0.777777812
1035,1,8,5,0,6,1,10,1,0,15,0,2.9296882,0.222222222
1036,1,7,5,0,6,1,10,1,0,15,0,2.9296882,0.222222222
1037,1,6,7,0,30,0,7,1,0,15,0,3.5333216,0.111111111
1038,0,11,2,0,10,1,6,1,0,15,1,3.0491533,1
1039,0,9,0,0,10,1,3,0,0,15,0,3.0491533,NA
1040,0,10,8,0,10,0,5,1,0,15,1,3.0491533,0.851851865
1041,1,7,8,0,10,0,5,1,0,15,0,3.0491533,0.111111111
1042,0,10,3,0,10,0,5,1,0,15,1,3.0491533,0.777777812
1043,0,6,3,0,10,0,5,1,0,15,0,3.0491533,0.037037054
1044,0,10,3,2,10,1,6,1,0,15,1,3.0400152,0.666666676
1045,0,11,0,0,2,1,7,1,0,15,1,3.5322297,0.592592603
1046,1,9,0,0,2,1,7,1,0,15,0,3.5322297,0.185185192
1047,0,7,0,0,2,1,4,1,0,15,0,3.5322297,0.14814816
1048,1,9,4,0,30,0,9,1,0,15,0,3.5297296,0.259259271
1049,0,7,4,0,30,0,9,1,0,15,1,3.5297296,0.777777812
1050,0,6,4,0,30,0,9,1,0,15,1,3.5297296,0.666666676
1051,0,7,1,0,15,1,4,1,0,15,0,3.5226727,0.259259271
1052,0,6,2,0,25,1,5,1,0,15,1,3.5038843,0.629629652
1053,0,7,2,0,15,0,9,1,0,15,1,3.5318766,0.777777812
1054,0,11,2,0,15,0,9,1,0,15,1,3.5318766,1
1055,1,9,2,0,15,0,9,1,0,15,0,3.5318766,0.666666676
1056,0,10,6,0,25,0,9,1,0,15,1,3.5038843,0.925925974
1057,1,7,1,0,30,0,7,1,0,15,0,3.5152812,0.333333343
1058,1,10,1,0,30,0,7,1,0,15,0,3.5152812,0.518518524
1059,0,10,2,0,8,1,8,1,0,14,0,6.7715282,0.222222222
1060,0,9,2,0,8,1,8,1,0,14,0,6.7715282,0.111111111
1061,0,7,3,10,1,1,6,1,0,14,0,6.7720551,0.296296303
1062,0,10,2,0,30,1,8,1,0,14,0,6.5435967,0.296296303
1063,0,9,6,5,2,0,4,1,0,14,0,6.7115979,0.37037038
1064,1,7,3,4,5,1,8,1,0,14,0,6.8284936,0.037037054
1065,1,10,3,4,5,1,8,1,0,14,0,6.8284936,0.481481492
1066,0,10,2,0,50,1,10,0,0,14,0,6.5323586,NA
1067,0,6,2,0,50,1,10,1,0,14,0,6.5323586,0.111111111
1068,1,7,0,8,25,1,6,1,0,14,0,6.6306992,0.111111111
1069,1,6,2,0,1,1,6,1,0,14,0,6.7720551,0.037037054
1070,0,7,1,0,4,1,7,1,0,14,0,4.998795,0.185185192
1071,0,6,1,0,4,1,7,1,0,14,0,4.998795,0.037037054
1072,0,8,1,0,4,1,7,1,0,14,0,4.998795,0.222222222
1073,1,8,0,10,40,1,5,1,0,14,0,5.0646973,0.296296303
1074,0,7,0,10,40,1,5,1,0,14,0,5.0646973,0.259259271
1075,1,9,7,0,50,1,8,0,0,14,0,5.0700402,NA
1076,1,11,7,0,50,1,8,1,0,14,0,5.0700402,0.111111111
1077,1,7,7,0,50,1,8,1,0,14,0,5.0700402,0.111111111
1078,0,8,3,0,30,0,3,1,0,14,0,4.6382389,0.259259271
1079,0,7,0,5,20,1,6,1,0,14,0,5.0801144,0.259259271
1080,1,9,0,5,20,1,6,1,0,14,0,5.0801144,0.185185192
1081,0,8,3,0,3,1,4,1,0,14,0,5.0801144,0.185185192
1082,1,10,0,10,10,1,11,1,0,14,0,6.0577455,0.222222222
1083,1,8,0,0,20,1,6,1,0,14,0,5.8581104,0.555555573
1084,0,7,0,6,40,1,10,1,0,14,0,6.1102643,0.222222222
1085,0,6,2,0,25,0,5,1,0,14,0,6.0943336,0.111111111
1086,1,8,2,0,25,0,5,1,0,14,0,6.0943336,0.074074054
1087,1,7,4,1,60,1,9,1,0,14,0,6.1017704,0.111111111
1088,1,10,0,10,60,1,8,1,0,14,0,6.162045,0.185185192
1089,1,8,0,15,60,1,10,1,0,14,0,6.0760021,0
1090,1,11,0,5,30,1,5,1,0,14,0,6.0968871,0.222222222
1091,1,11,8,0,25,1,9,1,0,14,0,6.0926704,0.185185192
1092,0,10,0,0,25,1,4,1,0,14,0,5.8971658,0.407407416
1093,1,11,2,5,15,1,6,1,0,14,0,5.9667749,0.333333343
1094,1,8,2,5,15,1,6,1,0,14,0,5.9667749,0.074074054
1095,0,9,5,5,30,1,7,1,0,13,1,2.3616667,0.555555573
1096,1,8,1,3,35,0,6,1,0,13,0,2.3549585,0.111111111
1097,0,10,1,3,35,0,6,1,0,13,1,2.3549585,0.740740757
1098,1,8,2,2,10,1,3,1,0,13,0,2.1266055,0.222222222
1099,1,7,5,2,12,1,6,1,0,13,0,2.3252089,0.111111111
1100,0,6,5,2,12,1,6,1,0,13,0,2.3252089,0.037037054
1101,0,10,0,0,13,1,5,1,0,13,0,2.3334389,0.555555573
1102,1,11,0,3,15,1,5,1,0,13,0,2.3456175,0.14814816
1103,0,8,7,2,42,1,10,1,0,13,1,2.1266055,0.592592603
1104,1,6,0,5,14,1,10,1,0,13,0,2.424299,0.111111111
1105,0,9,0,5,14,1,10,1,0,13,1,2.424299,0.481481492
1106,1,8,0,5,14,1,10,1,0,13,0,2.424299,0.333333343
1107,0,8,3,3,15,1,6,1,0,13,0,2.3119583,0.333333343
1108,1,6,3,3,15,1,6,1,0,13,0,2.3119583,0.074074054
1109,0,6,3,5,40,1,8,1,0,13,0,2.3470559,0.185185192
1110,0,9,3,5,40,1,8,1,0,13,1,2.3470559,0.518518524
1111,1,11,0,2,13,0,2,1,0,13,0,2.3387134,0.185185192
1112,0,7,0,0,11,1,9,1,0,13,0,2.3387134,0.037037054
1113,1,7,0,0,11,1,9,1,0,13,0,2.3387134,0.222222222
1114,1,7,3,15,15,1,7,1,0,13,0,2.0062184,0.185185192
1115,0,6,3,15,15,1,7,1,0,13,0,2.0062184,0.037037054
1116,1,8,3,15,15,1,7,1,0,13,0,2.0062184,0.333333343
1117,1,9,0,10,15,1,5,1,0,13,0,2.3456175,0.259259271
1118,0,6,4,3,8,0,4,1,0,13,0,2.3535776,0.111111111
1119,1,8,10,10,5,1,10,1,0,13,0,3.8053086,0.111111111
1120,0,11,10,10,5,1,10,1,0,13,0,3.8053086,0.629629652
1121,1,9,5,4,40,1,12,1,0,13,0,3.8048556,0.14814816
1122,0,10,5,4,40,1,12,1,0,13,1,3.8048556,0.740740757
1123,0,7,5,4,40,1,12,1,0,13,0,3.8048556,0.14814816
1124,0,11,5,10,20,0,8,1,0,13,1,3.8466334,0.740740757
1125,0,8,5,10,20,0,8,0,0,13,0,3.8466334,NA
1126,0,7,3,5,40,1,7,1,0,13,0,3.9614437,0.222222222
1127,1,9,3,5,40,1,7,1,0,13,0,3.9614437,0.296296303
1128,1,10,3,7,30,1,10,1,0,13,0,3.9479992,0.333333343
1129,1,6,3,7,30,1,10,1,0,13,0,3.9479992,0.333333343
1130,1,9,3,7,30,1,10,1,0,13,0,3.9479992,0.259259271
1131,0,7,1,4,65,1,5,1,0,13,0,3.7412381,0.37037038
1132,1,11,2,8,25,1,7,1,0,13,0,3.8104589,0.222222222
1133,0,10,2,8,25,1,7,1,0,13,1,3.8104589,0.740740757
1134,1,9,3,20,50,1,12,1,0,13,0,3.7830937,0.111111111
1135,1,6,3,20,50,1,12,1,0,13,0,3.7830937,0.111111111
1136,1,10,3,20,50,1,12,1,0,13,0,3.7830937,0.333333343
1137,0,10,12,10,13,1,7,1,0,13,0,3.9700098,0.851851865
1138,0,9,2,10,12,1,7,0,0,13,1,3.9700098,NA
1139,0,7,2,10,12,1,7,1,0,13,0,3.9700098,0.111111111
1140,0,6,3,10,50,1,4,1,0,13,0,3.7719133,0.14814816
1141,0,9,3,5,57,1,9,1,0,13,1,4.0269923,0.740740757
1142,1,6,3,5,57,1,9,1,0,13,0,4.0269923,0.074074054
1143,1,11,3,5,57,1,9,1,0,13,0,4.0269923,0.333333343
1144,1,7,3,5,57,1,9,1,0,13,0,4.0269923,0.333333343
1145,0,7,4,0,28,1,8,1,0,13,0,3.7750189,0.703703703
1146,1,10,4,0,28,1,8,1,0,13,0,3.7750189,0.703703703
1147,0,8,5,20,30,1,9,1,0,13,0,3.832619,0.259259271
1148,0,11,5,0,20,1,8,1,0,13,1,3.9671724,0.629629652
1149,0,8,5,0,20,1,8,0,0,13,1,3.9671724,NA
1150,1,7,6,5,25,0,6,1,0,13,0,3.9889863,0.111111111
1151,1,10,12,15,30,1,8,1,0,13,0,4.0721054,0.222222222
1152,0,7,2,4,3,1,6,0,0,13,0,3.7932801,NA
1153,1,10,2,4,3,1,6,1,0,13,0,3.7932801,0.222222222
1154,1,7,2,0,15,1,3,1,0,13,0,3.9479992,0.111111111
1155,0,9,12,15,15,0,9,1,0,13,0,3.8977845,0.777777812
1156,1,7,0,3,0.5,0,6,1,0,13,0,3.7690935,0
1157,0,9,3,5,45,1,9,1,0,13,0,3.9659147,0.222222222
1158,0,11,10,10,30,0,8,1,0,13,1,3.9532154,0.740740757
1159,1,8,10,10,30,0,8,1,0,13,0,3.9532154,0.259259271
1160,1,8,2,5,20,1,7,1,0,13,0,3.8540814,0.111111111
1161,1,11,2,5,20,1,7,1,0,13,0,3.8540814,0.296296303
1162,1,10,4,4,20,1,6,1,0,13,0,3.8513751,0.222222222
1163,1,8,4,4,20,1,6,1,0,13,0,3.8513751,0.333333343
1164,0,10,6,5,40,1,10,1,0,13,0,3.835654,0.703703703
1165,1,8,6,5,40,1,10,1,0,13,0,3.835654,0.037037054
1166,1,7,2,5,20,1,5,1,0,13,0,3.8466334,0.111111111
1167,0,6,3,6,30,1,9,1,0,13,0,3.928359,0.074074054
1168,1,7,3,6,30,1,9,1,0,13,0,3.928359,0.296296303
1169,0,9,3,6,30,1,9,1,0,13,1,3.928359,0.814814838
1170,0,10,0,15,40,1,7,1,0,13,1,3.9504116,0.703703703
1171,0,10,3,10,40,1,9,1,0,13,1,3.7634342,0.703703703
1172,1,8,3,10,40,1,9,1,0,13,0,3.7634342,0.111111111
1173,1,11,0,10,1,1,8,1,0,13,0,4.0921521,0.333333343
1174,0,10,10,10,30,1,7,1,0,13,1,2.474725,1
1175,1,9,7,4,40,1,3,1,0,13,0,2.5295212,0.037037054
1176,1,10,10,15,40,0,8,1,0,13,0,2.4986148,0.333333343
1177,0,7,2,10,30,1,10,1,0,13,1,2.195709,0.777777812
1178,1,6,2,10,30,1,10,1,0,13,0,2.195709,0.333333343
1179,0,10,10,10,60,1,10,1,0,13,0,2.3123014,0.740740757
1180,1,7,10,10,60,1,10,0,0,13,0,2.3123014,NA
1181,0,6,1,0,40,1,5,1,0,13,0,3.0055089,0.185185192
1182,1,7,2,0,2,1,10,1,0,13,0,2.8172593,0.037037054
1183,1,8,0,4,40,1,6,1,0,13,0,2.2541411,0.111111111
1184,1,7,0,5,40,0,9,1,0,13,1,2.195709,0.111111111
1185,1,10,0,5,40,0,9,1,0,13,1,2.195709,0.111111111
1186,1,8,3,4,40,1,4,1,0,13,0,2.2951167,0.222222222
1187,0,10,2,5,35,1,6,1,0,13,0,2.3140378,0.740740757
1188,0,6,2,5,35,1,6,1,0,13,0,2.3140378,0
1189,0,7,2,2,30,1,5,1,0,13,0,2.2745562,0.111111111
1190,1,8,10,10,50,0,10,1,0,13,0,2.2853136,0.111111111
1191,0,7,10,10,50,0,10,1,0,13,0,2.2853136,0.111111111
1192,0,9,0,10,10,1,7,1,0,13,0,2.9398873,0.185185192
1193,0,9,3,0,45,1,10,1,0,13,1,2.4347508,0.777777812
1194,1,8,3,0,45,1,10,1,0,13,0,2.4347508,0.111111111
1195,1,7,3,0,45,1,10,1,0,13,0,2.4347508,0.111111111
1196,0,11,3,0,45,1,10,1,0,13,1,2.4347508,0.777777812
1197,0,6,12,5,30,1,6,1,0,13,0,2.428488,0.222222222
1198,0,8,20,20,50,1,11,1,0,13,1,2.5171673,1
1199,1,6,20,20,50,1,11,1,0,13,0,2.5171673,0.111111111
1200,1,10,20,20,50,1,11,1,0,13,0,2.5171673,0.333333343
1201,0,8,3,0,45,1,4,1,0,13,0,2.1390331,0.259259271
1202,0,10,2,3,30,0,6,1,0,13,1,2.2745562,0.407407416
1203,0,10,4,2,30,1,5,1,0,13,1,2.4936621,0.444444452
1204,0,7,4,2,30,1,5,1,0,13,0,2.4936621,0.111111111
1205,0,6,7,0,39,0,8,1,0,13,0,2.4936621,0.111111111
1206,0,8,7,0,39,0,8,1,0,13,1,2.4936621,0.777777812
1207,0,6,3,10,35,1,12,1,0,13,0,2.5259404,0.333333343
1208,1,8,3,10,35,1,12,1,0,13,0,2.5259404,0.111111111
1209,1,9,3,10,35,1,12,1,0,13,0,2.5259404,0.296296303
1210,1,7,3,10,35,1,12,0,0,13,0,2.5259404,NA
1211,1,7,5,0,30,1,7,1,0,13,0,2.441144,0.222222222
1212,0,8,5,0,30,1,7,1,0,13,0,2.441144,0.666666676
1213,1,7,10,2,40,0,4,1,0,13,0,2.137676,0
1214,0,6,0,0,35,1,5,1,0,13,0,2.2747753,0.111111111
1215,0,9,0,0,35,1,5,1,0,13,1,2.2747753,0.703703703
1216,1,9,2,10,10,0,12,1,0,13,0,2.2599051,0.111111111
1217,0,7,2,10,10,0,12,1,0,13,0,2.2599051,0.111111111
1218,1,8,2,10,10,0,12,1,0,13,0,2.2599051,0.111111111
1219,0,6,6,20,50,1,6,1,0,13,1,2.3209331,0.777777812
1220,0,11,6,20,50,1,6,0,0,13,1,2.3209331,NA
1221,0,8,1,10,6,1,4,1,0,13,0,3.1385176,0.666666676
1222,1,7,3,3,29,1,7,1,0,13,0,3.0644422,0.111111111
1223,0,8,3,3,29,1,7,1,0,13,1,3.0644422,0.777777812
1224,1,8,0,0,30,1,6,1,0,13,0,3.1382482,0.111111111
1225,0,7,0,0,30,1,6,1,0,13,0,3.1382482,0.111111111
1226,0,7,0,0,40,0,7,1,0,13,1,3.1427157,0.296296303
1227,0,9,0,0,40,0,7,1,0,13,0,3.1427157,0.111111111
1228,1,8,12,0,30,0,7,1,0,13,0,3.1399469,0.259259271
1229,0,10,0,5,30,1,7,1,0,13,1,2.956811,0.851851865
1230,1,8,4,0,40,0,9,1,0,13,0,3.0786066,0.185185192
1231,0,9,3,0,20,1,6,1,0,13,1,3.1441231,0.518518524
1232,1,7,6,0,60,1,10,1,0,13,0,3.1152246,0.111111111
1233,0,9,5,3,40,1,4,1,0,13,0,3.1037095,0.333333343
1234,0,8,0,0,10,0,6,1,0,13,0,3.1285229,0.111111111
1235,0,7,7,5,40,1,7,0,0,13,0,3.0450385,NA
1236,1,10,7,5,40,1,7,0,0,13,0,3.0450385,NA
1237,1,7,1,4,30,0,6,1,0,13,0,3.1541729,0.074074054
1238,0,9,2,0,32,0,7,1,0,13,1,3.1541729,0.444444452
1239,0,7,2,0,32,0,7,1,0,13,0,3.1541729,0.074074054
1240,1,7,0,4,15,0,9,1,1,5,1,1.5064195,0
1241,0,11,1,4,40,1,8,1,1,5,1,1.5044353,1
1242,0,10,2,7,25,1,8,0,1,6,1,3.6653576,NA
1243,0,7,0,0,6,1,7,1,0,15,0,3.158932,0.074074054
1244,0,11,3,10,53,1,10,0,1,5,0,2.4516768,NA
1245,0,6,5,10,45,1,10,1,1,1,0,2.0936987,0.111111111
1246,0,11,0,6,50,0,9,1,1,5,1,1.5196316,0.851851865
1247,1,6,4,0,14,1,5,1,0,13,0,3.5387268,0.111111111
1248,0,11,2,0,3,1,3,1,1,5,1,2.7600224,0.555555573
1249,0,10,3,10,40,1,9,0,0,2,1,1.8895127,NA
1250,0,9,0,0,1,1,12,1,1,5,0,4.0675378,0.740740757
1251,0,10,3,6,40,1,5,1,1,12,0,3.0955141,0.111111111
1252,1,11,3,3,15,1,6,1,0,13,0,2.3119583,0.222222222
1253,0,10,2,0,25,1,7,0,1,5,0,2.2336903,NA
1254,1,11,0,0,30,0,5,1,0,14,0,2.8309312,0.777777812
1255,0,11,0,10,20,1,9,1,1,5,1,4.1377563,1
1256,1,9,0,20,15,1,10,1,1,5,1,4.1835222,0.407407416
1257,0,9,3,10,40,1,9,0,0,2,1,1.8895127,NA
1258,1,11,0,0,1,1,12,1,0,3,0,2.5898719,0.14814816
1259,1,11,9,20,60,0,15,1,1,6,1,2.9049377,0.962962973
1260,0,10,0,10,15,1,6,1,1,6,1,3.5879107,0.777777812
1261,0,6,0,5,15,0,8,1,1,6,1,2.6790853,0.703703703
1262,1,11,0,15,20,1,8,1,1,12,1,2.0763912,0.666666676
1263,0,9,4,0,25,0,7,1,0,13,1,3.0644422,0.740740757
1264,0,6,15,50,36,1,12,0,1,4,0,4.073276,NA
1265,1,10,1,5,40,1,8,1,0,3,0,2.2137246,0.333333343
1266,0,6,0,30,4,0,5,1,1,5,1,4.0730801,0.333333343
1267,1,10,0,4,10,1,5,1,1,4,0,4.0947571,0.111111111
1268,0,10,7,10,2,0,4,0,1,4,1,4.0587316,NA
1269,1,7,0,30,15,1,7,1,1,1,1,3.1160948,0.14814816
1270,0,11,4,5,70,0,6,0,1,4,1,3.9277954,NA
1271,1,7,4,0,4,1,5,0,1,1,1,2.0350132,NA
1272,0,8,2,0,10,1,8,0,0,3,0,2.5306847,NA
1273,0,9,2,15,40,0,7,0,0,13,1,2.1942699,NA
1274,0,6,4,10,6,1,9,1,1,4,1,2.9010317,0.037037054
1275,0,6,2,15,40,0,7,1,0,13,0,2.1942699,0
1276,1,10,0,5,30,0,11,1,1,5,1,1.4921961,0.518518524
1277,0,9,0,10,10,1,11,1,0,14,0,6.0577455,0.37037038
1278,0,8,0,0,40,1,6,1,0,13,0,3.1404562,0.074074054
1279,0,8,11,10,3,1,7,1,0,15,0,2.9073303,0.222222222
1280,0,10,0,5,35,1,6,1,0,3,0,2.6057274,0.740740757
1281,1,8,4,0,25,0,7,1,0,13,0,3.0644422,0.222222222
1282,1,7,4,0,20,0,6,1,1,6,1,3.6533334,0.185185192
1283,1,10,10,0,12,1,9,1,1,12,0,0.26395479,0.259259271
1284,1,7,4,8,21,1,7,1,1,4,0,3.8627455,0
1285,0,11,0,0,20,0,5,1,0,2,1,2.6838124,0.703703703
1286,1,7,5,0,45,1,8,1,1,1,0,2.1737876,0.777777812
1287,0,6,2,3,28,0,5,1,1,4,0,3.8581667,0
1288,0,10,7,10,38,1,9,1,1,4,1,4.0650859,0.777777812
1289,1,6,6,0,30,1,8,1,0,7,1,4.5099578,0.074074054
1290,0,9,5,10,14,1,5,1,1,1,1,2.2550251,0.777777812
1291,1,7,6,0,3,0,8,1,1,5,1,2.7744529,0.037037054
1292,0,6,0,6,30,1,10,0,0,3,0,2.1349978,NA
1293,0,7,0,2,20,1,6,1,1,12,1,0.67843568,0.37037038
1294,1,7,0,0,1,1,12,0,0,3,0,2.5898719,NA
1295,0,7,2,7,20,1,8,0,0,3,0,3.9043825,NA
1296,0,10,0,0,30,0,8,1,1,12,1,2.0681524,0.777777812
1297,1,8,0,0,1,0,6,1,0,3,0,2.1063757,0.111111111
1298,0,6,0,5,40,1,7,1,1,12,0,0.90903145,0
1299,0,10,2,15,45,1,13,1,1,5,0,2.0597432,1
1300,0,8,6,2,40,0,12,0,1,12,0,0.26395479,NA
1301,0,8,2,5,50,1,3,1,0,2,0,2.5961974,0.814814838
1302,0,7,0,6,10,1,5,1,0,7,1,4.5620584,0.777777812
1303,1,10,0,15,40,1,6,1,1,5,1,2.1693106,0.518518524
1304,0,9,1,5,50,1,9,1,1,4,1,4.3727021,0.296296303
1305,0,10,0,15,50,0,3,1,0,13,1,3.0506287,0.88888892
1306,0,9,7,0,8,1,12,0,0,15,0,2.8983521,NA
1307,1,6,0,1,9,1,4,0,1,12,0,2.1024423,NA
1308,1,9,0,6,50,0,9,1,1,5,1,1.5196316,0.814814838
1309,1,6,1,0,45,1,8,1,1,6,0,2.8867316,0
1310,0,10,10,0,20,1,5,0,0,3,0,3.9616592,NA
1311,0,8,0,0,1,1,12,1,1,5,1,4.0675378,0.518518524
1312,0,7,0,0,1,1,12,1,1,5,1,4.0675378,0.14814816
1313,1,11,2,20,30,0,10,1,0,7,0,2.3464906,0.777777812
1314,1,6,3,0,6,1,6,1,0,14,0,3.010618,0.111111111
1315,0,11,2,10,40,1,8,1,1,6,1,2.9313402,1
1316,1,11,6,0,60,1,10,1,0,13,0,3.1152246,0.14814816
1317,0,11,4,20,59,0,15,1,1,12,1,0.38007602,0.333333343
1318,1,11,6,15,31,1,8,1,1,6,1,2.8937812,1
1319,0,9,2,10,10,1,7,1,1,12,1,3.1369698,0.666666676
1320,0,6,0,3,20,1,9,1,1,5,1,1.8040538,0.703703703
1321,1,10,4,0,40,0,9,1,0,14,0,2.828218,0.444444452
1322,1,8,7,5,25,1,5,1,1,12,1,0.70830643,0.296296303
1323,0,7,1,0,17,1,5,1,1,5,1,4.1507397,0.703703703
1324,0,10,1,0,30,0,3,1,1,12,1,3.2189209,1
1325,0,6,2,0,12,1,5,0,1,5,1,4.0909238,NA
1326,0,7,7,0,8,1,12,0,0,15,1,2.8983521,NA
1327,0,11,7,10,35,1,6,1,0,3,0,2.0493903,0.222222222
1328,1,11,0,0,30,0,4,1,1,6,1,2.8653624,0.777777812
1329,0,6,0,10,20,1,9,1,1,5,0,4.1377563,1
1330,0,9,2,7,20,1,8,0,0,3,0,3.9043825,NA
1331,0,7,3,2,10,1,6,1,0,15,0,3.0400152,0.222222222
1332,0,8,2,0,30,1,3,1,0,14,0,6.0634823,0.111111111
1333,1,10,0,0,40,1,6,1,1,12,0,0.26395479,0.333333343
1334,1,8,3,10,50,1,13,1,0,13,0,3.7967985,0.111111111
1335,0,11,15,0,30,0,9,0,1,6,1,2.7684777,NA
1336,1,10,1,10,40,1,5,1,0,3,0,2.2103968,0.259259271
1337,1,8,10,4,30,0,12,1,0,13,0,3.4745505,0.14814816
1338,1,8,0,3,10,0,6,1,0,13,0,3.4745505,0.222222222
1339,1,8,19,0,5,1,8,1,1,12,1,0.15072434,0.703703703
1340,0,8,2,10,30,1,8,1,1,12,1,2.0957654,0.740740757
1341,1,6,1,0,20,1,7,1,1,12,0,0.47868708,0.037037054
1342,1,11,2,13,40,1,10,1,0,3,0,2.5501842,0.222222222
1343,0,7,2,5,50,1,5,0,1,4,0,4.0734301,NA
1344,0,11,0,5,40,1,7,1,0,13,1,3.5324228,0.666666676
1345,0,11,5,15,36,1,12,1,1,5,1,2.2614779,0.777777812
1346,0,6,2,0,8,1,8,1,0,14,0,6.7715282,0.111111111
1347,1,10,3,20,5,1,5,1,1,12,1,0.70830643,0.185185192
1348,0,11,0,5,30,0,11,1,1,5,1,1.4921961,0.592592603
1349,1,9,1,2,20,1,5,1,1,12,1,1.9936211,0.592592603
1350,1,11,1,0,20,1,9,1,0,7,1,2.4134557,0.518518524
1351,0,8,10,4,30,0,12,1,0,13,0,3.4745505,0.407407416
1352,1,10,4,6,50,1,8,1,1,12,0,3.5101359,0.37037038
1353,1,10,1,12,17,1,8,1,1,6,1,2.7300415,0.777777812
1354,1,8,4,0,40,0,9,1,0,14,0,2.828218,0.777777812
1355,1,10,5,6,40,0,6,1,1,12,1,0.73888224,0.555555573
1356,1,9,5,20,50,1,9,1,1,5,1,4.0909238,0.555555573
1357,0,11,5,0,30,1,7,1,0,13,0,2.441144,0.777777812
1358,1,7,12,10,13,1,7,1,0,13,0,3.9700098,0.111111111
1359,0,6,0,15,60,1,10,1,0,14,0,6.0760021,0
1360,0,8,5,3,16,1,9,0,0,13,0,3.4941068,NA
1361,0,11,20,4,4,0,8,1,1,12,1,4.229836,1
1362,0,10,4,15,33,1,9,1,1,5,1,2.0828402,0.925925974
1363,1,8,0,0,20,1,10,1,0,3,0,1.5581777,0.111111111
1364,0,10,6,0,3,0,8,1,1,5,1,2.7744529,0.740740757
1365,0,6,1,4,27,1,4,1,0,13,0,3.0055089,0.111111111
1366,0,6,4,6,50,1,8,0,1,12,0,3.5101359,NA
1367,0,7,2,5,2,1,6,1,0,2,1,2.6582198,0.333333343
1368,1,7,0,0,20,0,4,0,0,3,0,2.0552006,NA
1369,1,11,0,0,14,1,9,1,1,4,1,4.0726647,0.740740757
1370,1,7,1,0,6,1,4,1,0,15,1,3.138823,0.629629652
1371,0,11,0,0,1,0,6,0,0,3,0,2.1063757,NA
1372,1,10,7,0,0.5,0,7,1,1,12,0,2.9020464,0.222222222
1373,0,6,2,10,30,1,10,1,0,3,0,2.5904386,0.111111111
1374,0,10,5,0,30,1,7,1,0,13,0,2.441144,0.703703703
1375,0,11,0,10,40,1,17,1,0,3,0,2.4527264,0.88888892
1376,1,9,5,0,45,1,8,1,1,1,0,2.1737876,0.777777812
1377,0,10,0,6,50,1,9,1,1,12,1,0.70031452,0.777777812
1378,0,7,0,5,20,1,11,1,0,14,0,3.0371523,0.111111111
1379,0,10,0,5,40,1,4,1,1,4,0,4.3240089,0.666666676
1380,0,8,4,20,50,1,9,1,0,2,0,2.6956668,1
1381,0,7,0,1,3,1,4,1,1,5,0,2.7600224,0.14814816
1382,0,8,2,0,30,1,8,1,0,14,0,6.5435967,0.14814816
1383,1,11,0,5,20,1,11,0,0,14,0,3.0371523,NA
1384,0,6,5,50,14,0,8,0,1,1,0,2.232887,NA
1385,1,6,0,0,20,1,5,1,0,14,0,2.7393744,0.037037054
1386,1,11,5,10,40,0,14,1,1,4,1,3.926517,0.777777812
1387,0,9,10,0,4,1,4,1,0,15,0,1.9986606,0.592592603
1388,1,7,0,0,20,1,6,1,1,4,0,3.3436236,0.296296303
1389,0,7,1,0,3,1,8,1,0,15,0,2.9739578,0.074074054
1390,0,9,0,20,15,1,10,1,1,4,1,4.0832949,0.666666676
1391,0,10,4,0,28,1,8,1,0,13,0,3.7750189,0.740740757
1392,1,8,3,10,50,1,13,0,0,13,0,3.7967985,NA
1393,1,9,0,5,30,0,11,1,1,5,1,1.4921961,0.851851865
1394,1,11,1,0,40,1,6,1,0,14,0,3.0371523,0.333333343
1395,1,9,2,0,20,0,10,1,1,12,1,4.0886431,0.777777812
1396,1,6,0,6,15,1,7,1,1,12,0,1.9313567,0.037037054
1397,1,6,10,0,40,1,6,1,0,14,0,6.1319823,0.074074054
1398,0,8,0,3,35,1,5,1,1,4,1,3.8636549,0
1399,0,10,0,5,5,1,5,1,1,4,0,2.7413971,1
1400,0,6,3,0,20,1,6,0,0,13,0,3.1441231,NA
1401,0,7,1,2,20,1,5,1,1,12,1,1.9936211,0.555555573
1402,0,8,2,6,50,1,9,1,1,12,1,3.141166,0.111111111
1403,0,10,3,0,14,1,12,1,1,12,0,0.05531748,0.296296303
1404,1,10,4,1,60,1,9,1,0,14,0,6.1017704,0.14814816
1405,0,11,0,5,17,1,6,1,0,2,1,2.765866,0.666666676
1406,0,10,10,0,40,1,6,1,0,14,0,6.1319823,1
1407,1,6,2,5,50,1,3,1,0,2,0,2.5961974,0.333333343
1408,1,8,10,0,40,1,6,1,0,14,0,6.1319823,0.37037038
1409,1,7,7,0,0.5,0,7,1,1,12,0,2.9020464,0.222222222
1410,1,6,0,15,20,1,4,1,0,2,0,2.6286838,0
1411,0,10,0,0,6,1,7,1,1,4,1,2.6252489,1
1412,0,10,10,4,30,0,12,1,0,13,0,3.4745505,0.296296303
1413,0,7,4,10,25,0,6,1,0,13,0,4.1031675,0.111111111
1414,0,10,10,0,30,0,8,1,1,5,1,2.128876,0.962962973
1415,0,10,2,6,50,1,5,1,0,14,0,6.1268816,0.259259271
1416,0,7,0.5,0,13,1,8,1,0,14,0,5.9981809,0.259259271
1417,1,10,3,6,17,1,10,0,0,15,0,3.1808481,NA
1418,0,7,1,0,40,1,6,1,0,14,0,3.0371523,0.111111111
1419,0,9,5,1,50,0,5,1,0,13,1,3.1441231,0.555555573
1420,1,8,5,0,60,0,10,1,0,3,0,1.5497757,0.296296303
1421,1,8,0,0,20,1,15,1,0,3,0,1.5635126,0.111111111
1422,1,10,2,0,20,0,10,1,1,12,0,4.0886431,0.14814816
1423,1,10,2,10,10,1,7,1,1,12,1,3.1369698,0.666666676
1424,0,6,1,2,40,1,7,1,1,4,0,3.8276706,0.222222222
1425,1,6,0,4,40,1,8,0,1,4,0,4.1906209,NA
1426,0,11,3,0,6,1,6,1,0,14,0,3.010618,0.777777812
1427,0,7,1,10,16,1,10,1,1,12,0,3.8550856,0.074074054
1428,0,7,5,2,25,0,5,1,1,12,1,0.32894054,0.333333343
1429,0,11,0,10,35,0,5,1,0,2,0,1.8680018,0.740740757
1430,0,9,0,10,65,1,4,1,0,3,0,2.5166004,0.777777812
1431,0,11,0,4,15,0,9,1,1,5,1,1.5064195,0.629629652
1432,1,7,2,13,40,1,10,1,0,3,0,2.5501842,0.851851865
1433,1,7,6,4,20,1,10,1,1,6,1,2.9487853,0.814814838
1434,1,10,0,3,15,1,8,1,1,12,1,0.39228544,0.777777812
1435,0,6,5,2,4,1,4,1,0,14,0,5.8992705,0.333333343
1436,1,9,0,5,20,1,11,1,0,14,0,3.0371523,0.296296303
1437,0,8,0,0,1,1,12,0,0,3,0,2.5898719,NA
1438,1,11,3,10,40,1,8,1,1,4,1,3.9758646,0.777777812
1439,1,11,0,5,30,1,8,1,1,4,1,4.0899453,0.444444452
1440,0,6,10,10,30,1,7,1,1,12,0,0.12069096,0.185185192
1441,1,9,3,0,25,1,6,1,0,13,0,3.9640596,0.333333343
1442,1,8,0,0,20,0,4,1,0,13,0,3.4169843,0.111111111
1443,1,11,0,0,30,0,8,1,1,5,0,2.2559903,0.333333343
1444,1,10,16,10,35,0,7,1,0,7,0,4.5697012,0.740740757
1445,0,10,3,0,70,1,8,1,1,4,1,3.9146945,1
1446,0,6,6,2,40,0,12,1,1,12,0,0.26395479,0.111111111
1447,1,6,3,13,15,1,9,1,1,4,0,3.9663227,0.037037054
1448,1,11,3,5,50,1,8,1,1,4,0,3.786777,0.185185192
1449,1,11,7,10,36,0,10,1,1,5,1,2.3151712,0.666666676
1450,0,7,10,0,20,1,6,0,1,12,1,3.4096494,NA
1451,0,6,8,6,20,1,6,1,1,12,0,3.6888366,0.111111111
1452,0,6,5,2,28,1,5,1,0,13,0,4.0586796,0
1453,0,10,5,20,50,1,9,1,1,5,1,4.0909238,1
1454,0,11,0,5,30,1,12,1,1,4,0,4.0657663,0.37037038
1455,0,11,0,10,50,0,13,1,1,12,1,3.9966695,1
1456,1,9,4,26,11,1,12,1,1,5,1,4.1534429,0.703703703
1457,1,7,0,0,10,1,4,1,1,4,0,4.2109551,0.111111111
1458,1,10,7,0,8,1,12,0,0,15,0,2.8983521,NA
1459,0,6,1,5,30,1,7,0,0,3,0,3.8701055,NA
1460,1,7,0,10,35,0,5,1,0,2,0,1.8680018,0
1461,1,11,6,0,20,0,7,1,1,12,0,2.9020464,0.185185192
1462,1,7,0,3,10,0,6,0,0,13,0,3.4745505,NA
1463,0,8,5,10,20,1,7,1,1,4,1,2.7636621,0.703703703
1464,1,6,3,10,35,1,11,1,1,6,0,2.7547524,0
1465,0,6,8,0,30,0,5,1,0,2,1,2.0295594,0.111111111
1466,0,10,3,0,10,1,10,1,1,4,1,2.6994996,0.666666676
1467,0,8,0,5,30,1,5,1,0,14,0,6.0968871,0.333333343
1468,0,11,5,2,7,0,8,1,0,2,0,2.6852124,0.703703703
1469,1,11,1,5,40,1,5,1,1,12,0,0.47868708,0.333333343
1470,1,11,5,0,6,1,9,1,0,15,0,3.138823,0.296296303
1471,1,6,0,10,15,1,5,1,0,13,0,2.3456175,0
1472,0,10,0,5,15,0,8,0,1,6,1,2.6790853,NA
1473,0,11,5,20,30,1,9,1,0,13,1,3.832619,0.740740757
1474,1,6,6,0,3,0,8,1,1,5,0,2.7744529,0.037037054
1475,1,10,4,0,14,1,5,1,0,13,0,3.5387268,0.222222222
1476,1,9,0,0,1,1,12,0,0,3,0,2.5898719,NA
1477,0,10,5,3,16,1,9,0,0,13,0,3.4941068,NA
1478,0,8,0,15,4,1,5,1,1,4,1,2.7384529,0.259259271
1479,0,7,0,3,7,1,7,1,0,13,0,3.5500445,0.37037038
1480,0,6,7,0,0.5,0,7,1,1,12,0,2.9020464,0.222222222
1481,1,8,8,20,20,1,10,1,1,12,0,4.0721107,0.222222222
1482,0,11,0,10,25,0,4,1,1,6,0,2.6373785,0.740740757
1483,0,7,0,0,15,0,6,0,0,13,0,3.4193676,NA
1484,1,9,0,10,10,1,4,0,1,12,1,2.0763912,NA
1485,0,8,3,15,50,1,9,0,1,12,0,0.63967693,NA
1486,1,10,10,10,20,1,9,1,0,3,0,3.953989,0.777777812
1487,1,11,2,0,10,1,8,1,0,3,0,2.5306847,0.185185192
1488,1,7,0,25,40,1,7,1,1,5,1,1.4732095,0.851851865
1489,1,10,0,30,15,1,7,1,1,1,1,3.1160948,0.592592603
1490,1,11,5,10,40,0,9,1,1,5,1,1.4573156,0.814814838
